Contact ID,Account Id
jtyklqEKjcpAFkFFddG4,2
OzR3gXeOVuqwanGMICFQ,2
Hntk1ytHimIv464FrNDN,2
yNYpxcoT2P6q7lqgUk1R,2
YIDPTVyBuvlLqDDv4aQm,2
8BTjWRnaptWmDAhZHZxa,2
XEGBDoAzgOfNQjGJlAQm,2
p6m7ylNQwJboAFtJxVLP,2
4eadJPg4x3APWeZXFksa,2
zd9L5eEQMqIF4rZ1Mv2X,2
vQ5bJofQfbghRGAisJ9W,2
Y5kM8GTKRs5pQX3pB3tp,2
4KZDcIhOZ66ZMwlb90bj,2
oJEtyTbj9rgGMw29bwGs,2
5fntRQC13zQ8ZjXDFVZ0,2
tYDxTdIbSflYlc6PgkOh,2
gH9Yb81VRRfX8k0FADdx,2
ovtedJuxvxSKbZRYE1tb,2
f7CVf5tRsGsxw2A8Q0BQ,2
Ir1cKaKgIasLxcpmlJPT,2
5RuN75VYCReWXziCTM7K,2
6ohSttbDHIKORuQxdupy,2
9zZO6eMjsGUUVHgUkuqW,2
TvWpI5H0MNTjivwbG705,2
CuWRWbYBJi7Xx8UmQZug,2
aR9JngX1h9Q6NfJchcbh,2
Ss5dBnS9Lxl4bZGDxhVq,2
WtFdHhVpWt8KiUkFogv4,2
DZdT4Wwst7RSXt1XFn7F,2
ocKNgAKeG8ee6wS3IQiU,2
OAJVVSsgoPWzsYmOxSYQ,2
iJpXM0dQAcxSdwuGk3Rm,2
awRnDnodWdAyzfupF5IO,2
rDygpDyTr6oBJg0vFz2Y,2
6GPYwS6LE8QXOuLuibAZ,2
ZrVxJ2Lepuh08awTyKiQ,2
e6x5xB0TyEuDQOxEKZWZ,2
47jYhVjgKsqmnnpoysky,2
sFnmEfoG4oieAvNDZ84e,2
Dn6Fyg3QWp2ppYggMJzs,2
c3yMyor1uqT0CnpF8XP8,2
kMKegk6Z0im94Bo9RKIa,2
IWQPEgOznW4vakfwSfjv,2
i482hsWL59ivAf12yofU,2
afC792IpiJ36oLmuqHfw,2
Xa0Ckx5b1SEycLO2AjoI,2
m7oqjfyeLrXUOVNaro6i,2
CQD7t1dIY6CyojskSzB2,2
jP4TbZ5EUewJHWaogFOs,2
PnCmRSBhgqwAcPzP99MT,2
dbgkhvQHxFgImyLtMCL9,2
akdZmUqXXqzlISv8k3gc,2
pkvQMEemEANppq4qpLc5,2
WU2k42QIf0Wbav5XN9gK,2
hcK2o8WycGHFZeq2dEvW,2
FvDm7zIJj8Vzi3IIzg7j,2
eJuG3sEU09ldJRh41AVb,2
N4GtGlBsqh8fs1r0t5Pl,2
fz4bhHG3OKrYJWvfJvES,2
Qa8AnxuM7fXW9bH9JAwz,2
nxTvsjFhCtFP6zLJrvM4,2
y3Ipi5usbFfdN51Q3TPC,2
mU1BKVo1mYlQGQSjcdkG,2
cHqSNegkLcGlIQsoIwmb,2
2qYtiIIS35eEQP51N60T,2
paBMd5xIRqcUIWmZF3uN,2
PaYkqTc4LRKSWELNu0bA,2
Io4gWaNL9Wot8xZoa5tk,2
MECwArqJyhdAe6EOJpnr,2
O6ThR13Pa5hCbxBFG4nU,2
mT2Le1JFQLctCpbuHx33,2
nwo3ob5vDuI87B1Nb2TC,2
zTi2PZZNAbyFNYeBnuHe,2
q2KScf6SKVC4KERSXMd4,2
VrZZMga88UvZqRI3g3NN,2
Wp04zPneJYPm9fgWkjGK,2
ouvO4KNBWMNhRi5adPHy,2
xzIxbzVOwWBtO5iHVzrB,2
Pplxm0ntXMx07XHtuu8N,2
FM4Sf44hmKRlQUO5PKHB,2
bOgm0hXng5Mp14BJt6M7,2
eN2fUTcbVAmfry4zgqtd,2
AtynNnp1caeH4vPvHRZe,2
NuqI146UABLQidIqcOhC,2
qB8vfKMuwzC8LUGPluoZ,2
bTOcYGw1za6ddHYIegrM,2
6gz1Wcp0qil7Owl4Ynwg,2
ah5y6DRlEdocJ2ZEgfa3,2
80x0HGOpDDhXSQ5rEMqz,2
BJ6FDeD0EpoL87aLw5jd,2
jL0jx3T8j8s4Ak4ezwLH,2
8vZXfx0M6uBpubGKU2RC,2
XFHCK0nG5qFNVoWxpo3G,2
BUHRMxMHU7nCTLEUkK8J,2
VsjcSSSkOVX6CcPmMd7x,2
PL9dUeo1nQc1HbSIdgXO,2
ZyeA6Nh1jSmFp07m6mwo,2
ferxgGzyU4VjUQ28LXzM,2
I48RZf7pxuIVHVyHL4NY,2
QBPQaSsGe1ujC4sQtgba,2
l2Fc37T8pAzBmOPFEd7y,2
1Gf0kgUiIvvKOyLgnZDG,2
iEQbGJsF9erpvzWicvLa,2
z1lREGITaBctjljS0r5y,2
JRSg1sWndWFDiYdXiCF3,2
C2RmJvkRWl04QGUcn0hw,2
m3ntwczLztN7LYOjFM4E,2
dLO45nnDG0jbI70uJicF,2
Xrgp4dW9yNQ9eRDJardJ,2
pBg2gwuL7tsvPs0qj5Y0,2
zU4Hf4bkZNMuVp8KE56W,2
NboymAjYF2uFvLHSM5yH,2
fytLJDPaskCHRuPXMbli,2
XHD9e6dwnzzw0GHGjbcE,2
LfPYvOfQr0MxmHoMNlqU,2
ewljnmUlyltsi9tuHWg3,2
qJLtfnirywkRh0ulUFzV,2
owpNMGhxCSf8cFnU0ZrJ,2
8Vqzmlk65eC1Tx7CQsWY,2
dVY4ZQ3LDeFvRI1iLkwF,2
aXGpaPR43HeYSn1V9EA9,2
4aGkYiGw3eVctrYaTmds,2
IA1ZqGZpvPgff3LJLwZn,2
8eG9V1PXaMjNTaUmLWQF,2
DDdLaOZaWkg9O5RBuSpj,2
xXhW0RTckJhv8My2BESv,2
mrubUzbOdLSETpU7BTvl,2
5QnaeuvtIkqULza4E2EK,2
invTmmOrk8bXoBTbgC30,2
7Zz7kboINkaVwYFc4eNj,2
P2roc2I16SP8bE9AXV6x,2
bHMehouFKsQFAMVeyoOV,2
2yzYQc1M8hJIpL2fDoPH,2
7QELjySeY2cOX1TrnvsN,2
DA3AYtLxAYhtsHsxGQ9x,2
gQp0pBsJCU1luCEbW821,2
mWVTmSVWNcXZJ4EzcjOV,2
AAJcn8NgfF4xEuqX3wJJ,2
09gB7T8xpwVEs0Dj7Clb,2
3IkeDpg3fTMudnNypiQJ,2
YW9gfvtVgUHMrne7gUEW,2
AgrzRYh5SzyI6otOvPIY,2
8rjGIOY2sVkbK6aripTv,2
x231kJVZSAlc1dfLYj5K,2
WxPNdloSZU9L0M5kyIKt,2
uZOOoQQO7LOmzTFmaIha,2
wUoodVHoaEARp6lK0IyV,2
MfrEqL1GlTOjqdkKnskG,2
983Bv9vz0UuSwymPl3BJ,2
cJ91dkrjQLlMyjOlE3ZV,2
NeCKFgzKxAymVBlvSvt8,2
FtZwWdZAmACGJXyu00t5,2
mPwSSBEJj4f2CrylBEKh,2
5Y7XfpEdfmfumWw87TH1,2
9KE5Zazg8EwX86CmMxbz,2
Xweh2GfYUISN5S4mNJoE,2
L5D9kRCTOSGFNsIayJrK,2
DAmGaOu87P8Gs5gF058H,2
g2OOQYOWNk6sDHKkIT4O,2
dpBtsHv481VTrq7avU4w,2
Hv4OdaZJWgw4IVnwm84N,2
p0p7lEu7HrEOPqNIr9Xq,2
ocdnivPpunYIQLdxRLk7,2
Tioh387P4Id1YklXCOM7,2
q1gNkRpyR91ne7kkRomV,2
nFBSsHEMXc2blbpvEhvA,2
mBVAibSgVgsP6kQJ5CFR,2
d9747EH5QCrjTQgKKHdc,2
7cTmcM173TRRWoyvjpiO,2
TFIi0RiIqsGp0EYDuyjK,2
SiD3oOTSMThpGErJMuXZ,2
YXywsKdMk5tXpgRPqArJ,2
ycoKLNHKYG7Y9cnqS75j,2
xgKkJvpDz3QK4o8ASrOS,2
WFe4k2olUJtCz5p9bqvU,2
6cUXLVmZSYpA4RumV3yX,2
t7er4pSCIfBitFuX45BS,2
zli1km9sTGFUMlEtE7Do,2
dDLCs9Mabsi4BXfU9RMG,2
JYN0dcI6qev7ex3ckAEr,2
2tW222EbziRXLzDS726p,2
C9xFUj7GvdITS3WFrHT8,2
Y1AmeZ40KeKMIdwqNLTA,2
FY116xe2fLw8yudIqpio,2
t9VNcOuqDTfpHgCAor7M,2
6EY5sKtlTvMwJ3TNykbg,2
BqpdpDK7BlRvJmqaEHZU,2
O61lEkKp7qXxmVqy8j2w,2
5D1es2bm91ZrttKAxo9c,2
MDUP2EmhurZkkq2jp4u6,2
z4yVV4bw4vb00DUJ25Sd,2
gYBm0TXCUYjZbM10aV2F,2
T1irgos0PHUKR5xcU8Ri,2
nFvfjnxmszNHkWH2NnCT,2
bQSn4dUAXAYEo4RbZr27,2
4aUeW5Tn9ktVchAb7byA,2
BFTCGGmJzO33mUKZUTvL,2
ifxa9zGnDku5htGhGSuK,2
gOdvIXfBgJPTQbZPySUd,2
vdfNqBtp5pD4LDg9vXoM,2
LbxsAQynB4lgCYRGaTko,2
xpDbkRGy68JibgHUBeqZ,2
5ogiHuct0C4OECtmPuDR,2
WIxr45nPeMOyrBDTa9KB,2
cfq6wXb1e78WvHPoVzA8,2
b3XLWgFpz4vANDm0kQ2n,2
2RMles6rbLXJqbAxKFiZ,2
jx0XmluplqeYWGbNAs6n,2
7iVsjztqWhjIV5eiWg9r,2
8yw8twgQmYBlNvPqRxKC,2
G0jqfarzvoUpQfKqbsyZ,2
fQQKE20SNHESO1mzqYoA,2
Dtwv3KcKzhJsY2dXOT02,2
H0ceucaRx9WYzVSvKuVQ,3
Rpd3jU8CV37WtxctjMD3,3
r2UjAT2rZfmmodbhdwDf,3
3Ea0MP0tQOP11BojCkh8,3
gr0kNyPzulux36cDG0YY,3
Ltn7vq9VOcCsF5tvNBZA,3
8btGr911LDpLollNuOI8,3
QUkM5yJcexu84A08PRcF,3
zp6IdRpN0W8amx5rvcEt,3
C4LqiAxikAHwlptVWC4j,3
QtVhDX7mL3r924cGCegc,3
bIb2yoFSXUxsKctkN1Ai,3
MrRdbV1onq4GJsfW25BQ,3
xknEMcLVXT7ZtuewXy5J,3
lL0hcbGZyQLQiwro20K0,3
B5Wyt9oaTX7XG4icZXvm,3
2HtKFysblwaSLdJTpdBS,3
4J9OIoidPxDhVFbe67D9,3
TysnDGCp3jmh5qoapwVe,3
DYnrJYZq0z3PYt6xwJU9,3
deNtM3LUU2kY0X25nPCL,3
OdUKkY369COzVliYloPA,3
Nwr4DWBaEpOH0dccvpe4,3
deM8atBudoSbytzT0gqN,3
YHMh4EmYdEdmnzW71U9w,3
V7QAh2AFDhRVrcrsDnqy,3
s6PTmWlUkeIS5CD1ywsV,3
6qTWqN20BwjWHdZSKvNM,3
TZ6n472a1bCIkRaLMMhJ,3
kSHLw71KL44plbeqReQK,3
vHoX24ZHbz9BKWnlUEJF,3
n4lssBZkqhA09bJwoZb3,3
hytL1d7bCQbEhbObxaCV,3
590fmujU4ZI3va6xYGAk,3
dvoKjrNZDPwwcbVwQCoe,3
5n0UtB4bmkSZADGSiUJd,3
Sd9oQxfRt4PqOMQnyiYT,3
JOtiuVjYTlIeejl7VjIS,3
A2jVyQ46LjRK2BZUukq5,3
XfnfN6VE7w7s5H5IP1mK,3
m3octshy03Q5INtKAkDf,3
EgqxtjyEDH9EKtB5ew5r,3
MHiJUE0vmR6flsrXFYiq,3
NcznRHUrCHQ7UZEYAJog,3
iaUPXZJCImlFESo1G7Kd,3
EXKxpf9MoZ8iupGlAaK8,3
WzzAPM3BZdRvY2BfrVDj,3
t7fayftn0qJNu2i85A91,3
QhgII2LQ8Q5rUAeT1SD9,3
WVcG0c3Ruv6BDXIfmobU,3
snDonfEM0EzBmbp9swx1,3
zndZ6C0x9dRRL1kIQNJR,3
DG4Q6paccd3WFoQBJEAC,3
mMhm4v24ZCrAf5MnvgXj,3
EBVkSuachOuMXaztTFFg,3
JG7nhJzxNybjLsgRxcr2,3
cNSpal0lNj7gVMYeHwbG,3
IUrVp9QfrFpaysCEfCpP,3
SoCV6bftcO2MTx3j7cHM,3
8AHKsK7jTiVpOdZIKGgP,3
juCMFKt1kAqadCzI9zmV,3
fmXahMZBI1bBjkkpkozu,3
z0DoBxR2UV5xMMxd8zYe,3
xYY7ARSJEwmj3lhNza57,3
KSFHyvamw0OZw0gVg0PL,3
vkRxo4SohDud14g5hv03,3
QenmgAZuTZmRjB38lizw,3
AGrNWLuMvQpdCdMSYn6V,3
xWZ7un5916wM2gYsvjgV,3
aYSvdBIcsxFLZIfFOqZM,3
dKaAx1RQeVHOBuqEEfjS,3
xoh78MmvMYAn17IwjioD,3
ieq90pG77gkcQdOCDefJ,3
aMzmcKeYVszLgvOF6eAL,3
wpJLyy9eBasHmvWP1beV,3
dflPoGn5MAczyHaguEhP,3
pVcVER1Ql0rhOOgVL1YL,3
BGkOEv7vre5pORdh07CE,3
NPE5WtJTacZwzzcbwNav,3
OkJtRRCiu5j1vfrweIXT,3
knZWbgkZbmfwBD4aCgaT,3
tLcmh1jdrStXUmMBqwG2,3
fjr5zWVYufkwUVOivawz,3
v91ZVn2KujisTERucSWC,3
MjUDogZIDQZhWnxiZgul,3
4yZuN9noXjrltpj9OTuk,3
rku2KalckscyyrNr4ntK,3
l985P7OC9MPbPpaHOzOb,3
xxvONip95O6fUqJYTjcE,3
5sdaYRPtN2EUUmGFU6uf,3
9HuzzmSIml5vL8EytZsK,3
T8F2Py7CEp0caKOpc0Og,3
f6ncRtR7UswUEfvZwVON,3
DUVr79A60qmjdSFgSael,3
Cn8iv72vG8kTAYRsGXO6,3
b02EbIGxuYekHWvqKWDV,3
R9esDZHuojnjtQTFn9AP,3
n3BhfIcCIRpiK1U7qwGp,3
PPhd5hVIp99qnqlE2tVd,3
vJbWomXWLk4FKD0VjHBG,3
Jrm2X7OVbzK8i1ETdR2U,3
8SGgdJNfPOCVHwBOcCbE,3
2ik3mWMVtPxHKjqrwpRr,3
i65uqjPCeQgAXY3hX7xY,3
GkWyN9HZ1fBeb9ktMUzf,3
hwocE1V2cCBzVE3A8L53,3
1eW6nQ0hYxcuUYY0rD8j,3
kIn2ITqsh0TbWBTcJL2K,3
nUyCoYMqIB5BMMWUZrGI,3
eYeQvcu34UUcZIe1tvla,3
h7su1vUdX4CGw4tCfsaa,3
Uke1CzcyO5Hrvvggjpx0,3
KRxMNz5s8edlBJiaO8ix,3
Z12R8ROyiL5huUZRGJCq,3
W71H53kZESEPPGZyphqF,3
SmbDZ8tWi7k65uIWnLMZ,3
4xAhWZQZf00LfrR5CFSm,3
D7hhGggVloluCAhTL7Ry,3
5zxp7QRsPsmQpAiAiqbj,3
fhBvCk5VfvQKRiP7Ddh7,3
yz0Ln4Bcpf611yCruSsd,3
aYryMQfwAvoT8W0Ocl2V,3
a6nllFvKRjZb12gJINvK,3
mzz4XAAcLC1NS3NQzpyJ,3
fuZXCgzHc6vOKAUACORF,3
rUkCSyiNfQMDrR0Tv3ea,3
2mZFqZiYgJ8LMr0m7XTK,3
QD1aU5H9cmqSRPyNhlcg,3
JUvHrByiVMTyS5yA9oLt,3
VFIc4KJjcv8kTgiPRC7e,3
iKuFlEpFLjwFhitOaFhy,3
3veheE8nzPqt5n6I65Th,3
sh8Tmby5N9aR7egNGx3I,3
540b0ulBTjhlsWzGjIZ6,3
YdYPUK5mwVM4dVEhebek,3
WwpNcI7iQo6FuqHeFhhZ,3
X5Br7aTaMDgvCMs2MNCe,3
gXbqQIhBoXK0maFPhBnQ,3
zz8sPcW56vp3RhkoSJc2,3
GYjslWjXL1ncItJZRFrO,3
0Ihy6Br80v3tuD6KGsjY,3
eH1BrbIpAwL8TNqzAHi4,3
0S1Zt5x14YuTXZh2gzi6,3
lSYYAlNk4Ysc5Ut9AEyt,3
heTyYoud0ocagbi7C7XC,3
HAmcvEhyfPCMzUQvGz2U,3
3agPcbdAYC7liKSRdR7m,3
XenxkdeI7flc1S0gtJF2,3
c699pKfLP2J9qS2i8Jx6,3
OGM9RO7yFrW5gMxUOlnj,3
wi8Ls02YidLCFPdOO87k,3
MRcSHAUYukTBQkn2g3c9,3
fbA1a1Nv9kl4QZ0i2vFr,3
FxxkFfrYseuWdB7kSvNH,3
kNYsz9Ptz8TPZAYzldsR,3
02GxPcFGR7YScmMnQt6h,3
Wna3P5o1hHCPPLCrpriH,3
WqMI3E4JC9O2IGLYU8iQ,3
0pNO97tbiR2Q4JUA4Fjc,3
TxCtkbv5SmhhAufhhMMr,3
9cuiIIMMK9unkQBFnc9e,3
lGyKmXwmx3UccZgwWDkJ,3
aprLuCtWZdUTev7M7bco,3
h5kMjmPDA7xiLsedvGMI,3
OIggZoFPGlD2hvcPujFq,3
zZfif1gu2qRowbQ7AJwb,3
WX5UjXSBqjyBzZxZyZOL,3
fQxnIrx98JHf8rsdkvZZ,3
XkuErc98rZOswaxfr5S9,3
YB53HAvhfdaquaMm0oVx,3
NTQTZCINLjMFNk1X1MXR,3
pYLhIItuont3GQ7WPt6X,3
fiSOkLMk5tjV5auISxoQ,3
TaIoWTQ8S8tTgt4PCKJt,3
zYhXmIO8JlICRGXuypWs,3
82BABbtZ5ns7xPIqnJp4,3
9EWC29I50sTD8pSj1EYm,3
tHXWqwxDnCwJ4TW5OeiE,3
zgToxpZAOohreQQVh0Fm,3
6zSwCYH3yZBulNC1mnFQ,3
Gpi85ATYSjrheuCBMpV1,3
We2Z9HDcKjYtsqES9A2f,3
mTfKw49behCayI4xR2Sr,3
OgfIfN9QSuJ15TqPFwES,3
DEn3dzoK09MLwzmULkim,3
EX3iXDr0uYat424ynSoR,3
W2sWb3w1aNExEVQ6tB4G,3
j4VEIHA8EgTvcQzsArbT,3
5gSx3y3118hsejmoNp8u,3
50YmSvpfsiCaaTUPgLek,3
YupJdh064Lz0vqIP5oGh,3
j1kkI0XlGO5MHGzIpqQg,3
e9B4Cr7kyCJncLdvfMC1,3
g4hxSkq7AtYRSRt6xwVJ,3
AJXa50vhOarIABMYI6jv,3
ZA8tMNSlJtaXqYOngjsI,3
cI663RZDO5V8xOe0qsRd,3
uJlpmwB8SVKX7gPtc2qv,3
6I4eiIMbuCeG15TeqMFe,3
T7d3DGFZUM3GezscuPvc,3
9lX2FU206g7KvfKPtz5Q,3
ZH7CeuBQiPbnTCbE5KYk,3
WwpNcI7iQo6FuqHeFhhZ,3
IucVSkwNPI9bvXaspG93,3
6ZUhBTpaSkN6PbhhFYrQ,3
vkiWa2qUwtEVdx2Kbj2T,3
IA7UDLhcJGmax1O1gAtF,3
wAL45Y9isxcMvnuLNIBt,3
vICI7j9q5OukKl8brmDn,3
uy5kOx4sTd9J9YlHf5F2,3
0puB8lqUoTYo5J3TJfL2,3
Ur8zj0fsUHye9aUWfWP7,3
zHVQRtjxzhbN9cCcronY,3
KZQIS8CHVx4pD3u1WYh6,3
G2nM84wpuDo189YyKbZe,3
Qeq0lOyk22jo50rQvpAm,3
PDlEoQOWXbth0BPW65QL,3
Uma2hvwVwoIcLe0OF62N,3
hSHLVTFfn5M9jnZJtDuo,3
td4gLhz2LvE472oHebTY,3
EFFFah3T9A9D3m1jUTlJ,3
CfWr9AolKOgWOqromz9n,3
cvCNO3L52TGABDwYPC5a,3
0KmrDrYm5e1Xft3qX7LA,3
hgVsqSbn8bBhA30azPFK,3
BT8kaY7XF8TCEEmb5Yte,3
nyFKORwHtSfoHxAp0fKi,3
eFeaJeQ73xtx4sJGG2Se,3
nID3MojkRrXjtR6S1ojh,3
cLQISF6KdAfjoBugEorL,3
ozrckneTF18NovJAumJV,3
wYlcroGB6eU9Hb4oa9Sh,3
ZGSSeBsfJRR5DCFvF2Vg,3
TycnpsU6japkno6HlSvK,3
tGFSPsFDw5676CHTBBm4,3
L4uOgQNRv0BWBBu0QSd2,3
ugGVkcvEEpczAyXbBVbR,3
wRhA2YYsULbOsZz4NEYc,3
xUnvmpGSzhdwzsPVDGTW,3
WlrLIrtF7jhlYiac6inB,3
50zzRwGkwRDtzyU27Hm1,3
Q2KOjk1qMG1AmZY9QUXV,3
jiLQbxiLaw00X8MKDXSi,3
qduJ718oEy4PfrzRb7x8,3
vcOg8mQ59fWNkrmdcWIV,3
7jZe47BRWyBVXRTclzLP,3
vnruNbpdp525kBsfWdKZ,3
BeiZXnLq5iifEDHB4u3G,3
hduMjBUNRd1TC6v5Y0U8,3
wTzfxCafyYluaCIXWqVA,3
kXcNYlMwwhfHaw0KG3bJ,3
NkwfUEk244CPtCkErAVE,3
EqQqARv2v8GtqreAk7k6,3
8CK234Soxv8i4nQAsKov,3
m9LiiPsMRFkqln1AKggg,3
NknM7hrIkLVgPt9AiQXg,3
d7yM4yStBrCjfyhbo2uF,3
vfGH37iUhjrD4VMW74rh,3
E0khXCPHO65oj5tGZ6BI,3
NDtSOLbToaycmJmrvqY2,3
Bb3D68KkQmnwxCq21ezb,3
YTPv9uUcHBWOzoidIRED,3
s3aKowgqbe9xoMWjmgfP,3
mymC4RHduoR0BXdo7dbH,3
2lgaWwQt5vWSudCtlxNX,3
Gu0ZskzqFm3VgBeRKAI5,3
wzmhVl1qFy1QV9kGRoKk,3
wQsPRMEN650orURHfSg9,3
5DTn2uWAhJv25pIrYo36,3
h7vq54ozpPCfZzc3I3rS,3
usCXispQXmETqVSrnHhJ,3
oh9uyMAsGB7xXfjgaqsY,3
2sESfUv2aGQfmecRf9UW,3
K4ddIxnCTEVWwgwcjlFw,3
i7Jsi1amgwieXdsELzna,3
qxgPRgODbdM6wn9wdhns,3
ne1KUpdibZdml6397Dvb,3
eDOFxq4QNaEWjLaOc0fj,3
uJydRUl8Gkd9h37MiLm4,3
JjHqKrZ6Ai8oe2Vxqtbh,3
xGDlMu0hBbpZ4ynsLMYl,3
SFpiqOfYnU1iA6l7AunB,3
fxL86S4uEz22m3Ejgeg5,3
PsqnLWoMUlqxVsoNmbGf,3
hFEA3qxKvIZ6pwa9nnWR,3
8zYtAroQ2Gk7fmgvNOd8,3
Lc3ww1llkSw2FRCfy3r6,3
e9inmAgEvdeWPkM2rlT1,3
xBjpPBklSSDZiviKpNFB,3
EBVcORGf1BtInHhpij6c,3
Vi27fLU03gdAFIEIFuBZ,3
XpQUzscG6q5b4bQilcLp,3
KBcj775BrBOhnTPYtfmG,3
1LJ186YhnCR7HVTgSkUd,3
FOs3UCygqMzy1M5E5Vmg,3
rjbNOHReqSSpRJt5rKMa,3
qXaHwOhMJEIpwBfABpoR,3
0KcMig6SRN4y9PLLVVXd,3
mMPiOsRrGr9v02YwbqLH,3
pq6zsBhiVF3yxelDWF0c,3
CC70OupmQkhElt220yRy,3
FK1hVIXe3YG2QDjYzY2S,3
XDKd3YyvhvBnSYXLebDR,3
0IMF5fJr4j5B10ZTaJbo,3
r8yNp5wn4342teARWg6K,3
smyBybJlbTP8IsNOyAAY,3
3S42LWMfQRuQuFpIJOtx,3
Dw87oFOzEN6lSRPrPr6S,3
44QyhPVnBAQISbdMKcY0,3
7SPQnguNRcpZA9OkS6GN,3
nRdUBu4OuFUTIZ9B7M4J,3
4SKY9R0jBvbtSyk9vES3,3
ftz0V0zEYhl5QIwnDHI5,3
csoGMfMY5npY6TadoY7u,3
6FrVmJ5SEqHBWdZb3G74,3
oWmzoAhQcux5Whf81he7,3
XskStPvCVckNKic0U5DP,3
QxFfltrED4DaqvNEYb7o,3
JP4527FIiQ2rMQDecJ46,3
xhCOyVAxvTdkadWr1esH,3
RoYeXoYfaMt9NwJ9iUcn,3
zLDxWnszRC5NY8cc0i9k,3
I7MbLbc5x3ZWbWmCm1Jn,3
R7s5gR3AnKSHfAQEsESm,3
p7X67w7xw6wVRn9dxK3K,3
qhoqiESr0E3MijdoapiO,3
WDsYJgV9ggKzYXBOKqQv,3
gYt4xenwpGayYzT62ce4,3
JMsL0Ba6cniIy2NqK5LM,3
KeW8S6qSGAxAkl2F8hwK,3
Ua7zJrs6leZxT6S5lF8G,3
WcHPj91xZ2rw2yJKjwks,3
h3OfdjjeqBPvDQ5AUYb7,3
Hiw8ezN40jZ5wSiyC0fF,3
XixPZ6LR9eUfWUpGcrWN,3
FCsrlaaZtphtxB1KoXQv,3
RGEy9iKaupwbiaWJ0wpq,3
t6COoXKtRJWYo4RU388S,3
7Q06X0YKWemdruqj01PK,3
yeaWBIjUNS9N16fgefAe,3
QIJPQirvRYhzhOBj1RSG,3
JAzeR56nngQEjNcuUp5E,3
h3LPwKHnFlikCUW4LyG0,3
Vk3yJogRM3hkMZQaRl74,3
3w6LLkbVHbde0DoGqccH,3
STjSjEodXbBH04Zjo6qR,3
fMWScD3OsRWy9WhUOzNr,3
XWGxrb9gHFm0ZgjL5cZ2,3
jIaYPPmfuo6RiQM0xRXa,3
gWWcCgkcxjB3g95iV6gM,3
aDjzfjnNcZPsq5EQv2aM,3
i83GbuJB8fB7dRoGND67,3
FU5jx3ygZH5Pg5G2rq5I,3
nuikuWibSw4MggHnheSa,3
WWzGtLd6NxzwHp3tbt24,3
N6nlc4E3oy3Xw7vo6RdE,3
VsKAvEH0JwFqNrUhEkIe,3
x7ZyieJFFc8qht4dFaLS,3
8tPdrSrbPDouxcyf2QdD,3
Nsx0IfYeO2yUAJTW5Dqn,3
7nFOUXXsbfcquVxlqbhu,3
JOsRZ3uYBenmPZ34iFui,3
MfWMgTRHrjHTupoPcQOC,3
zgNEjlTuXyC2jgGU3DEb,3
GLfYa3bvuIgry84NVdLM,3
yh78nY68jgE8rq6tTbeH,3
ztnUJTuBvZOftLcUr5WJ,3
qnwUuEl1CNdKv0YzTJKC,3
27Y3M11eYgqNlbCFWCop,3
MM8IjKMRaKxAX0rwhErJ,3
p7cWLS6kazQheU5W6lmN,3
dfguuqV61VpHSCgUk1kk,3
aRjZu9nqClpwI2siejDO,3
1LKEP3CqfTJZA4SfCIrv,3
arJtWVfPINJUaNxVd1bY,3
as78daR0TaV3uCXJ9Cne,3
jJFQiJ2MDNlkhSI4X9Rt,3
IvMw4cHYSmXoEukTGmTS,3
xQGyfzewmwfYupS5wI0n,3
8IZbUDqsJBRJ30xdqtUo,3
nB9HSBATc8EMGtPuTMIz,3
MF1g6dY10kteoxdZrURU,3
uOYXa90oEZAE2UhadD57,3
iLFnpzvkIjEnGZfpIxuo,3
IYnKxrqAvPJ1Pmmq14rj,3
PibVudehsaWx1rqkiuYL,3
Ni6V8HACp9UtX1r5LjgL,3
9bywFkYfuwF3UMkf0M25,3
l66G8Y88OcRPZTgAOFfU,3
L9gnPdOH1ejL3RIVzU3w,3
jfAuZFS4r1XBeJvyN2Ir,3
zpxJfrhz4USJYUrXTfG9,3
g6zWNUAsRg3Z3hUZFxPq,3
Y2Rn9PiBBViZpl97FQiY,3
5KBbwt7lKmqaI6BZsFAa,3
z715NVJgCUYOsW0GzqyZ,3
344d0sXNO4s1nsyTtKdg,3
q00yzezQCoQfPoRQcvzV,3
q6sU9wn3Xn1mp7ZJW4ay,3
h1xVoMi6TcXNhzSuHDjj,3
ZyjAZf63TKhZEPvnhNzj,3
StYhnMoWgt0p9x1YsFon,3
BNZg3j4cqN9tpEXRc2wY,3
YXCc6I8MhUIFpqMx76HI,3
YCyj9JHXXGkxtGtmRHWO,3
pXA3Mt5lJnqHCLzlUSmF,3
O7xwXirV6Y6ZSkptk9Rc,3
tcUh23BnUeGLEBcbNwbV,3
i8KCk3XS3Dt2r4xblIQG,3
H23A0ab7BTV0vHT16XHG,3
UskObYW8FcEK7hquNGXL,3
jSfzB9tixBvBbaDBcdvD,3
ZzLZZs3QfS03VlZNSTpT,3
VSpfzbtaIz5Z7f1E83YI,3
LBQHcaiQ8dcCCWKcgyCE,3
GW9pkQ4U11q6yYUvzT4z,3
zRbIBNPRB8FkDM5Njjlf,3
WYHGlrPhNx8PBy2teOUk,3
FZAfvbH0bHndFnAmEkr8,3
s4ggDHZtj1d6m3p9Dvzk,3
9XRocXGYHImLDiBFq6M8,3
ShEPKhWrvcBhTKJruoVa,3
yFqp4YNWzdywefosS4hR,3
O5UKbtftG201cqr6WmQH,3
BU6aQBli4ANEOuCsHQD8,3
gD1eJNUgIZDqK5apXGhs,3
P0fllFsXhZ8irvc6JRDj,3
COQXwaYjnPX9sJZwNQ9H,3
ncg3taCOby04nxtsA2Bp,3
89vRJxMidZwARsCJFSN6,3
I78WDcbywzk4OCAuh2iS,3
RO4ONyxyZe5LQA3VGUr6,3
GuhBzLZS4UEQeyrLDDQD,3
Id0LuBgACJlt7jxsh0hb,3
HVUEANR5r4UveWXvlDMg,3
qL8S346a8zhfHjr1njVB,3
M8hkmrn4BV92vkaGh2P2,3
fHul9R1M6fP5nlhT6KxY,3
Mmn8KwRmCxpsfo7LLxKa,3
qc4kFUOmXdc2JT8usjki,3
tdPLA3YYJppOKaoCyWoU,3
pHMyQdkdo3YVnZIml9lo,3
tUFOXAaCgK1knAGDS7TB,3
rJc6VSnHsjoM723NMQu8,3
oXcYcrEq9BlcLc1yCHyl,3
XwWVsxG1UAnv8F40Cj9h,3
eRC5zqLFCqrwJnC0uyVo,3
4nWc4XEEQvANjAVBocr8,3
r88U44BqnIpc6EjP1tjJ,3
SnkJ6OPt7wI0zuzc0hgp,3
hoD3SOgDIJdCRTBAUhaZ,3
Ng3uFoMEXqDUEaxjvzpL,3
4pcgLbDWiggg4dFk9oB8,3
veyinlxnjpszRAYOKs5s,3
k6LRXcoTecF3gdKwEQii,3
Z7DLl6Y1dfZiQ7beuHQD,3
tTAV2BWKew6j8WYEKQYq,3
TSmv4jdLkYAtrttqhzYP,3
88tvnfsXUKzeBXjv1nEZ,3
GJDfKxfnoRhl0dTkdvav,3
1dp5SOJz8SYwKfx95coa,3
EM3kdds098kRGnkuYu6k,3
N6DZoOHsNr1rO0jv6YNb,3
H9IGuV7z7FcoUoyuR7V7,3
QTdxrOgXrPCHwikcAENc,3
eaZ7vdISSJzQusRI8dly,3
dPwNEhc0xLzlwBNjGufF,3
uOSBn2aiEljRUZiCUbd6,3
vNfD8gib2Qf5FrjulGNp,3
1CmWGTkmYIKOLqKS4pVH,3
CU9d6wYOZorB9fP908YL,3
oxg8WuAtvrketuTLUzNF,3
WPIVOGs30huQJsdXCOcU,3
0gNcZWxQzPF9WPboSmmc,3
TuEKGq0SEAAEFhIkzV61,3
IQ1zCg6wiEfrEfZrQ7b0,3
pySwKTQXWOOxFtI1KtVG,3
iVivWNI1sIoDfL8c10oS,3
bnpV5qIXXWtrTqeUc8fo,3
XigtyYG9HBBJQXaabKnA,4
sj5ZESfYaEgLowBeYerW,4
sPSEQl0YDB92rwSpOHfo,4
RJTx0IDT0m6cVPMKTyxD,4
ZaTUMAulgVQZ37UATgbP,4
PWHY43VFbeXZ6AxT36ty,4
FAo1eFYDKRbD81YG3Akt,4
XVykvK8xQmIuiIdeT6eF,4
HiV4RioLTEynegRUKxxx,4
FpUNrZJvI6PQH0Fd6xo1,4
gGSEa0C3Uf0EIXT1qLDT,4
zPpaq2pFFb87sNJ4UenJ,4
8gAOS5O4Nv5Z7ALZOBle,4
uX7JssW8SyOLFIrQKLUx,4
hT5x2rsltvo0doT0tyiM,4
JqjF5RorgdqFeYhj3TDu,4
4dTjURhHdOWqUBbIjk2C,4
UIXj9qzqmbT6kU8Kbvmn,4
uX7JssW8SyOLFIrQKLUx,4
lIfie9Rrauvb5bclV9zu,4
bdhWiy8eLcQbjvPUgxYF,4
zyVN1Vuijd79Uwg6T73S,4
E37EXDvL2AbUZFIi8dDP,4
W76n8raK4bzLRe8OBiYh,4
Lx7JUFUK3P5vC3JVR08h,4
nUlvub4K9BncaQ3HeJsd,4
xYq62pSBuj4cO9lLEwe9,4
foPq46LUPJfkCYIwLKRR,4
90iGTIBABqihlnuQq4kC,4
yEUmfXai5g20T8otC9Ap,4
31xY1By8Qffg3oYZTPZr,4
os3CyMSNAI0NIvxtSvwV,4
LIDNTwWNpqctnkBusq1p,4
bYAx8pmr192Nkc7eOY5P,4
jmblhLx03jTOmvaT5XTL,4
tPWFuv69FzdUAqmD4Eeu,4
9aDqCP06GIGvKSvg0Vn2,4
5fAFuBgKP2XNw7Fnftw9,4
0QuWctlDmnB4atexUR4R,4
hbR74lKm2rG7skfc2za7,4
NyXLjb8OAstVWstyUtco,4
V5YWU0XQ3sLVqfLt0gz4,4
TlkgObqybkxfsWcW5tx5,4
oMHMoZMC9re8z9h8TsXa,4
p0wG1brbEKJO9tmEJ9xy,4
7IFvs953Q5q3uryzYWhB,4
FR8zunNuSX6aP8QwUsNT,4
9ugELbz9d07zdMSAtkmH,4
eTdJfsKtjuvf94dfMsx4,4
egUKEncCU8ZQtFZBdQAt,4
OfO0d89F1UjTYIuHQdNK,4
5UKGQPGAOLbf3Ougz6Dl,4
nJyEC4KNYrUulIfIDqtL,4
DgiAPXtEIHzkTkHFOoFE,4
CjhG8i01ldvSttjYgg0O,4
xkQfSzeAqGnWqSDC0onJ,4
WjTC6MpfTaTKNxSboDO4,4
gLEUQQDpP2GhzE3wGoNi,4
2EkkG8TY5BqUSyckfQzp,4
Y74C3HL15WzSWIK0EHlH,4
IUwLGMJjBSAGVKOT7KDm,4
4FJkLFiHKL8hxBuluLyh,4
cvpcfyH0RYOEnnaNcyw3,4
mvjmi1uOXBzBsZSPHnSN,4
5tdhnEeHQgD4z3kjFKNm,4
W2E0u5I1qxEdqkvmjDkw,4
GYKrXMBng3rPi2sjEtUf,4
7HpYHYMvCvKgmaenRkQ6,4
aIYiKTx0yLZrMkiIae4b,4
HO6AkHqkcJ828L9l8Kxr,4
tyUQsWnfaAJPO9nPIHAQ,4
FnFK79VjxAk5JBJ4Gusa,4
aGNjeLUhFmB55y1bzhaf,4
cEGAOH9BXwBx3OjPsKDA,4
2VaAIWt29wAVoHxKyS3s,4
yeOqbYdjJdW3uhMLqUuJ,4
yC9DMtrp1DDLQOaTgAVO,4
9W92sFvyBGrXOr3kna5g,4
pszFLSNwAxbmni2RKvW2,4
JcYE0ZoPXVHRWEC51ctj,4
f9VQf6KsH4a4HDMSTH91,4
f0q1Gfva2sAKR1aGu3wV,4
uYvy7ZjzGsWsqZU8RX7q,4
AOKlvwxnrzw9j0gJj4d4,4
CVgK8lNSXTYEg3oralX4,4
jsST4DhDQ7p5kHgncqwy,4
Qnb6nywhNV5ybcTJ7y5h,4
T4bzPwXIGj5DDOHRj1W9,4
EHqzKVuXZMrNNiYS6T35,4
dY0xWKikiZzYCUNJCK0r,4
EWSqy5PQq1Zcr1GwcEEH,4
jl295O0iY5JA9sU5zaWN,4
vsMbcVyMJdqfAJcNxpMU,4
2CbUic5Y65CsDfrIALSj,4
Xbx4N2Ba7vdAmYJrR0ai,4
44ZJUsylg3LHJS0dgMWF,4
DZPSp5ahJ2g2hlUWekBy,4
BjzTFfcx8gaoQ2nNCX6v,4
gcrkbqZaFWSOyHvv9QdI,4
mDPx3vBz8uccGnWUuN6M,4
dYpWnzpxMqvbUkWRAyRd,4
ItyylH99amax9zCRIL1b,4
fUso5QbMCM3mr7TnfbYz,4
9KL8BZoOqONBjEvYkpRn,4
xBpuBiRuYlfnqNZryjKJ,4
sBEimGLirx9qq5qFEZ76,4
eJgeuHUSUwZlDsaCeri7,4
OH3xgnHL7yP6Lz2gbWx1,4
LBisMBhpNxqLprxV7IJ6,4
SL9FmvfVBR2YTvMtjlDJ,4
bmhsbw6S9eF1xIh5dwqn,4
66j5hggmT1ZrKZ59R0bf,4
9TbZlA9MUA4aNGwnG1Hm,4
3mzAYQqZZ4tfazLDSbRt,4
NGwg7IclU19NKv1yVzJW,4
uamIYnoHU6U6NYtWaz1R,4
yMjaf5kvidKrDKZ9PrMK,4
p6eUoHy9owmD2Tmi53CF,4
jDItMTy9viIiw5Nn3KPY,4
gZQWDYjkpMdpQYUE5F1V,4
qDi193gRlbdK6OlD0a3u,4
jQDz2CBOLQIJYUmOrNiq,4
dHUtxhkmkfNtmaAbvw2L,4
NgkQBGIxh0p2bDre2Qbv,4
agJZGzQJ8wVIk07sWdmz,4
46P8CaFv5y0q2zV5AVyL,4
FF6gU37F4ROMSN4euzcd,4
XJ53MV0RGrynt4gJRKsE,4
x7vwRck1EmVhtkxTKjuQ,4
81JqET7roI7ITUUR39G6,4
VdJ28S2TspD9WP0SEIX0,4
DEZSIhIAIRe6PDMiBS54,4
O2bJDuRx1AjbbuIZWr3n,4
x4jiSoDehANNmMyGilEH,4
8zGg8LSoirvb0sIRVxtr,4
pa3ZGEfBgMUq8YvoFDCK,4
KErLgEj9DlczT043R59x,4
sBW24TBui2lnkKUKhHRV,4
t0SUxviJVuEmHKLaty5H,4
0eq6EB0jdIb9IQp8MYaY,4
Ib9CZG84hg7VfNVDIYWU,4
QSWY8ESIBQfmNpCuGVMW,4
xw8LieouDDQc2tE0hFpO,4
Jphn8som3HUJpAvbgOM0,4
sM16X6azsEYYetypLtwN,4
GfMpm8aEg0vvH6k7RnkO,4
ehj38c8Psmhdduif952o,4
nhuGUg7dR5dQINdoKOz7,4
jqtuyOgLA1g7MOQym0gB,4
UYOmUlmFCjP11FVkFreG,4
2HLN7K5Vs4gQxpeFAkHK,4
pWfMi7vEhPuwSNcfBNkO,4
ZeQ6KQLpU2W9vFMoeb7A,4
hyyfyp206D2T5HKSHhhm,4
ptfLdiHmzSpwAu2Ku1dK,4
QfTnf1pwfwYNMgGADNQi,4
2Ek4AyXyonvd3kf1H3Bg,4
W7k4ybOQWaLTTAzj2Dae,4
c3aGBfRMYNL6ivro6BbR,4
YZZnFemPkpp17626Y4PQ,4
gXhswiJpxWFchMR1S9S0,4
IeDWJLkrE8M3PNlRFboz,4
YYKPRvn1PZmleYDsTQyM,4
DnXX7ThNwxGDyZHQ2VHD,4
JytlH9x46OxGDVTrtEXu,4
DazZgKQt7Fy4nBrbXu1N,4
VcFy8hckD0bsUkBlFBIa,4
9HjH6PiP6mnHFq1nol73,4
9Wfa5Rt27kGKXNyO0CNt,4
lQFYO6U02r7jxY7xubdS,4
ABijAte6LcSLS8f7VCWo,4
QGr3G93yDXmUDCSZjQPt,4
oohtjFEeDKqbXyfQmVLE,4
zlgYDyPRVMsKzmEodkLq,4
hJoUKOjpCJY26hXIXv6x,4
DsJ6EevxRwM82vnvYVhR,4
GeeBaLOpXcfVNgSOZ42X,4
LoEyCmlvokuhE7YOTj51,4
8vE5KpBN82F495yu8gJ2,4
A5fOa47lmUtEsGEfqHij,4
5wSRQiQV3DX8Ad9WkFXL,4
0iXjfgj4W75j1s6mh19j,4
nstXqWCJigpX0YHP89KE,4
k9ApRo3uNVcTsxd8AIa1,4
YhiIH9yB7AU8hP0vByg2,4
BhKRCQ1kSJ6odfR5Ud8K,4
fIRtByeVSpWNsq7qsyg4,4
0FRcsCF5DlcjeXLfcuwF,4
v1O3K5pEVWf6oRqQE0Yz,4
bpIBNpSAaCwQb0B3oogL,4
daI0WmHXbTh9bymdCLRd,4
Ue4NLPh2JHu5D4id1T4x,4
219lyYsB7EKT7jFoyzdZ,4
30dc76pPkQzKbnaLE10V,4
PcTAHNDuJvsVF5zZZjP5,4
2bIOsh0nvW8rGyzkIQZl,4
COn2q6iOI79RjLNUjSiA,4
N2AXHWectgctf38yKZ9j,4
WQqorjkD1DiODgxEijS3,4
xiA2N0UkB6K3VUrBc92Q,4
idMRg1p9ilfsQeDdTWDG,4
pp4IuNLBGIOA9Qpwy8wq,4
WjGWZfeys2pQXg54TnVQ,4
kkxb9tg4Vqr1BstJsMhf,4
hBRaqMNDeZIKY5DVIhSE,4
nrgWPhZBFUSwxosIbkHG,4
nO7laKAkDZWqDN9bO6yZ,4
0SWvSCYtMmhcFROmwQFO,4
dqP3q90UnCibwxnwlJe5,4
GLa30y6jGYT9i1HgCBR7,4
TzHQqXXmEkV2LsHY1Kr8,4
uVIzzLH9E2mHTpNk3DPv,4
cLTII1ArDeNfK1iBl0tv,4
9KL8BZoOqONBjEvYkpRn,4
FF6gU37F4ROMSN4euzcd,4
4AROLqaceaNOI68DUFce,4
2ECMQlj5mPJguquoCX1h,4
4ajVrbmXFqPhzXCakXZx,4
vxMfQA0q6DVrLqSWBLdD,4
svnL9ibdj1xsDKQBkBia,4
YKQgvxFNk2f02WizSYrO,4
u46BE7hEgoAU3ba57vWb,4
P60l7jOP4SG8FeC4BJ1K,4
uuZQE8TILti2eKKCmu40,4
ihioczVncxaJdQGspFv1,4
OLeLvBchyfEZXK2rNGCo,4
5zTyo6iA9BVAoX2t0MYt,4
hFCnSVzZgC2jpYjilMrH,4
zv7dXv244pDH4Zpjp5hb,4
EJ8rH90EhaDXEd3KEhUB,4
wU3ROYjJkuynz9De29ZJ,4
o5PyTZNORUTtGsiRsHtd,4
xTtEYufwSYfBRzn2tSwa,4
7oOCZIX93lYBKemOShVN,4
mhKror0xS7cjD3zoAXOi,4
myGT4U9mhBwttQpwHI1i,4
ErAPBMSELYloooTVFQGX,4
gj2PQVuTmp6WI4beuwuG,4
PaH7BNMJSm3j6IRrnoqi,4
PK6giF2vBbdJzcVvJbUT,4
ZMJP8uccerfqrw2twxPo,4
0mo4ikIHsp1apBqcwxMg,4
U3rWPBHwS1OPkKA5hZfR,4
uCdiTcGZQgpWr2DD1lR8,4
IgWjEfNSp9Ncc2p8aCZy,4
qJLN7q9JHJ4UNzfnSXlL,4
cexbBicro5NNsiITJ8jw,4
k4coAoZVbvX69egxBd7R,4
HmWsdvVWzyFdlWGwWUSD,4
FGh5OczF1qH7KuJDQxRp,4
eZN4jjGio3wYnIKXmXMi,4
OcJdBGqU5LR7no1B4oW2,4
6JEGXZL6lOAfC7sXmal6,4
vF3fVQTvsKUGEtNSVTVE,4
9hOTgRWOmbC6r1YuU6qu,4
u9czCAL8Kmfj3VPUXkih,4
Erp3EREHuuV9nOtzPEP4,4
GD1JtCJAel27FYXXT8Tu,4
HRDHwnv8mz5IfWFViKbq,4
GbqRHzInuXhz9EjIedSc,4
h0mRP7RmMoFqqtbtcGmF,4
a5QNOn0yPHcrldzCkSlM,4
z1gTgEmnziD95JwPF1xF,4
uqF4eBx64zA5RBwnT6jL,4
HEcxtysFvmgojk8r7v9W,4
0ArkjFh8djItfAaDmMx2,4
qA3dmdQR6wzr8jePInt7,4
7UfKPdbBdhPTRcgVnLlA,4
E3AWb0L7kpnsFyh7JbEm,4
hHxIqIxPkstZ4rz8qiEH,4
dHtQMQUiSx2O9Alx7jjW,4
sucC1E3pcdMmdtQinfoa,4
2YBQuvTygaw0pZQT8jc9,4
NJDAJgyqU3GBnuYhmDSq,4
FEIFnhu0HzlVq4Xp1522,4
eqOi4MEV8fe8MkuSuWyL,4
krfeDHmedCf6C7joSXpF,4
xmBOQkDwm27cSWi3OmC6,4
KuRfRac7qm9nlFbByWJ1,4
ft0YYQf2x9a6uDWUXwBu,4
e7LKssUQvO9TERs7CYFO,4
mjTaXkzxbgH8II0IJPs9,4
pnTAM9WCgYD3SQUhZyHe,4
9zOYTJKMrGVtiYiiKkB0,4
T9UpygC0sAAKkmttUsKo,4
ZuLUQFZO34RBktUK4aAa,4
ewyk2WfxOuqUN4LJWECe,5
cZuQLuH8pshlATBzqT9g,5
eTGvLbGPaz1BZMgg8mfM,5
qc0v2Pt3h6obs9dy22G9,6
39ZooqKER0722nlGCHYV,6
2lbpoLpngdbMwzYNSoho,6
9Xx5TLq0fAl8YzXEs5q1,6
APLBsyB6fT8z5sOCrvfT,6
W7pdCHWgOGU9fru5L8xI,6
5whAWfm2D9KtPeKE427V,6
UUlTDxAkSbGSeEjcU8su,6
VzSRYeKlzeygX85YlptI,6
4sV0bMWdAVOTLLW3O4Ou,6
tPskCOGb4llnIF5IxspY,6
rMp3W9QmxyCi1i8R6HSO,6
n9SBbmVXQMxHm8ROt3xQ,6
wabxmO1Mx1ZrLlfVxptb,6
J1RHnovbVwaWo0nsuBZY,6
d0EtE6gxvmGcoxlKKxQP,6
LgGAFlXnFq8WThRBIh6T,6
OMhKeXob2ihdXx0uK8xw,6
mJ2OPt4h7RjLWTmB0C9n,6
tgiva7hXVYWZWHemTf96,6
Evnddlzyz6mu8UaLx7Rs,6
bydFjY6Nbb1oikIdrjPl,6
yWwdcFKHgFt62zHQo4Z6,6
p2A0sJkwKAchWKlMZ9E0,6
7MHxvWAWP2St94ItijVy,6
Tl72MCF5FdZTD7UOCOzL,6
s2fHhV4BgxHayYjcfPA4,6
ErSsWNljLOCTIkhleKdt,6
9L1Z2wP0QRRVwHNQgaZA,6
zBUsrJhuiSQeJaiG01Q1,6
AnPWslewJLjF8EKIFRpE,6
YaxDGt4g9tCtvaRb6fwV,6
o4Nx8k2V6NfWeXzDVFUM,6
G8XoOrgGcQct8uYziYJO,6
HnQV6ktHn0BVYk3z78Zn,6
vmxTlbPPsQV34x04Qfjq,6
bkal24hk24II467StVgJ,6
d4Tasze6MnmulYqzkAnU,6
CfKw59fZGCECb8lIeTx2,6
C7tiii7qkbKXJ40RnQMN,6
xrd2HgoBcIX7XhWW3I3Z,6
KfrmwR2hJosWFNT5pyrV,6
EmySeNuy3BFY2PdaX3Qy,6
O4GsnUPHnlbEECaij7F6,6
JjHeqoMEuNFtqKBqQFay,6
BqxC95GPxxZo29Ztj6j9,6
QE0LsGX2DmCGDfFA5itj,6
wvT6smuSUdXbtg609LIj,6
clsEmzaauZTRVZwIj6PD,6
JFu2ERnZ5g2c41gLhmPD,6
cSB4Da90wMMdg3CdlqZA,6
0KO7q5VjRF7vAVjNw0tx,6
zdaTMyJEiNRxOFwayQFW,6
zPpkArVklPWtzFhSZqxz,6
iRG8TCfQVxU282dTsRh9,6
GsjYCOuWa9ayGjhOtI4U,6
dDIDMmA2pkO6XeGLDgqe,6
itCUQEylo1XVaHegjOdK,6
rwYPOOivihjn7DdzZ71B,6
cqtNCGOcxlgSJ4uSN6wg,6
2ct9uxHm5CvhIvudk4fa,6
qHGTSbcGrw53BYGj1w3j,6
dm7Iy3foFUddseW2NbfR,6
CjBVkZkdVVeJc8oOvt8k,6
POmNGRIQ6dRqqpFryRT4,6
5RVc3n0io8LBP7udatym,6
PwjlESy7laOU417Apoix,6
NHKNLz62W3pemNVVKaVX,6
IOWtwgamQxgW0t1w4kUa,6
bPX6wdh7MGW9ZR782AwI,6
qI66tSAWNEsBF7mHhovZ,6
1uFkxRAsJoL1wwDB11sQ,6
vTLE6xoXHvKVn0Ac5cGc,6
fYIXiSGkat02ew11TC3w,6
c9CBIXTQTqm16vyHg7Jn,6
8OBdE9U49PlUWMRu8yOx,6
JrqudRcqENhkfmaalSiZ,6
omSfBxBoQ2uI870ig3is,6
9uRkg61MqvdwDBgkWwYr,6
jD0BTT3xolQTP0tbogRo,6
JIFycgn8R4paygoUViUT,6
pEi9uInUtAdLfTS32i6H,6
Ah2NzHCV6lS2FCey2prh,6
ch9NJxfxzgvSx2kfAcF8,6
wAQ1sYdnO96icxXo2P0I,6
w2nUrflEPMaHoi4GiAml,6
6Ot7DRIMd3pZs3V5nFK5,6
CPlU5PBdiwxoFO7WTdCo,6
83BYrWW6Ky2Vk5ePf0Tc,6
tcxhyjTG581EirluPCxW,6
quy1ZbsYT0jy2G5Tpvk5,6
BsVJ31HTqLpbwZfpE1kW,6
9tmmleLvjuhLyNPEAclg,6
JiI5Qo6xsUMenaZvm6OJ,6
DOfqx9UrQlSV6bayzHzB,6
dL9QcPhmXUwg3Kd9qewK,6
qS1Nr75EKbN3Ck8iBLpm,6
ArUTw7RefMceH0pIUPf5,6
1PAYKEYRXBgWEnRVLygM,6
YnZ6V2P3eOc7l8DfpHvq,6
nj6Cg6rxPlHfWDeDYZwS,6
SqiDqQHxjMh53XShEq2l,6
TwOf6UWm09IeNrp5DmPR,6
kN5sw5g0TmgySztJtfak,6
9z3SLjhNVgmh5Dw9Zg2a,6
tnlBPDeEDEWhxPkqUFFG,6
0kuoteKbXuUi6cvsDxOq,6
WhjAWBMdrf1eS3G4IhM1,6
5QNFmiCDfncOOvHYcDx3,6
F23QojWA8Eyzsox45t0Q,6
Tb9T03OkkgrBlO4kRc9Q,6
FYLhQm6Aw3ffcrFUaoSc,6
bh8v9c2QerN0Vq6DGlU0,6
npRbE1B9ee06QOCZzT5k,6
FScWu3TUEIa2Ebbqqn2N,6
K9sPiXFjE00YNUbSrS7b,6
4IAWTlpl9vmq6B8Zqe3y,6
RaxCNUlCoop4FXTlArvj,6
wvKSJVPUNgdShE3CmJ4R,6
5SCZmZBkaHlLdR5DptQ0,6
doikmbvE8DduckK3hvyW,6
5yPhg27XmOUwcQ5rM5GQ,6
CPCkC1ivdSuGTloqwer1,6
cPe36LC0TR54CEoqpMTs,6
MoDNvLXEjCojUAZuaZ2w,6
UGSGoIgaiQj1AN0saLX5,6
iTmZ15Niec5FFG5O6YDL,6
cqjFPzbneyLciG5e4VqL,6
m5UJ8qPLetuIjvQfjSHI,6
iddTJFrKgAxIEHtNfpWn,6
C1Mb9wsHH9O6IkQuQoyh,6
Jh91VQRMcflG4HgVgK6D,6
c7HsTLNLZcd5Ut372GdG,6
nORwScaavHXpdAydUCD8,6
WbHhNkcGvj8iGXlSCfSQ,6
f4VaW3d4LEoAibgQ3qAM,6
OBhn6z3tIzjHnqtDovcX,6
kpH1WqyNzaQCP7dHyy72,6
54dYYBA2exNLHYXMQWJ2,6
RxJrZV0LyJnJ9M43enAX,6
R4eEL5HbCzDkE2W0zuRf,6
EJcsDYSueO79c9HLKoqi,6
Q1Zy9tyCosrawk7B5cbq,6
UmfwOFHi9EnBeHbqChUo,6
A9BLgn5wFKirpltmod6E,6
IjPiKMaMghDN5DukoIBn,6
SjXexU7YOPK30Aivj3dJ,6
gmGr2oZaAGjIZJxv3Tfz,6
twBW4vfEvXrbEtpiTEiG,6
G22tTleykiDVgwgPNTdr,6
8jcxEJ2yOpZnrelxnA29,6
JBHYPhMhXPdLczSrFyAO,6
mfG9YDsK1AYqP19BAUGu,6
WizkcWuxBWU3ifusgwRy,6
kkkD7QSp3aKqjEr2HmpL,6
P66mgU84nSLOeZxDdS7g,6
a17dg0RQXVIgKnehIvTx,6
GZEWtldsS7p4UHfwxrrO,6
QK0uj3rXJ5kbvy9hSRms,6
Y5fZzUQ93OA7vuQyhM00,6
oqHt98vfzBXXFIUx6KEY,6
YyFvFo6lr2zvmsVkleS0,6
MShtapPDkt5mCjy9d9Xs,6
SKlBjKwuRKQwcKP8Eb4b,6
SYeJQxcnxQ3lWlHNkSjc,6
UrOVMfIaN54AwVKECOC2,6
0GnQRssqcWvWbJ6a8vWY,6
sW6rkIGZFNBpv9H5KyRn,6
s4gsYEE3t7pD6xvqAqLm,6
iiSR4Jtm9amqeRJ0gj09,6
iecr1BvX19cDSJj4cnEY,6
FSqFTgIb1pHnJbKVCdK1,6
6nyUZMODydBXuHjm7wDY,6
1kZYvp0OVZfOgRNaSliC,6
swA2Y76sTDkdhyl2rAG8,6
xoTiSlRp6YCwklbHrDCw,6
06pM5SXed8SgeLVKmVbf,6
pAK40gEFTKdXT4JCZzMX,6
IcMeqd8olnOaNO1w7vGE,6
HhTrwznqMPnVw3JsRLyC,6
OXc3FYPORI9RSt5qLgMq,6
vvAxknKd9HOnbqLF7uBi,6
MnUbP8ra171kGszzZMi8,6
yqOrJLVF8uvSQjQPpCu5,6
gZY4wUomtTS5DpdkCuTe,6
0egTUCkZIIAVvM1jYzvh,6
XnRT9LH9yeYpY7q6HD8W,6
5QvCGIzA5Um4b2bVJpdN,6
5y57Uu5RrZKGKSTeHoDz,6
00WNXGHeYVsfeRq3KOFb,6
I8OpPVQX8qVvxHFbDd9u,6
i31kujvfP5teKxTs7ESl,6
4oRel052PWmBT0euD8BI,6
hO9yLBnBMiPZRVNJmSrq,6
BnHqDNgh8RYY8gk0Aey0,6
wnuZrTiNmMTgBVulj6tu,6
AJBcLu0BL4xNVVo3l3zu,6
LygxSPHu3wh1quLDPEEU,6
6U2ZzDN244YKNmuVH7e3,6
gSDpVUL7K1dqjmVzparo,6
Idv8F4vcHvnEoXpq2LSD,6
42GMZwxOhCKdHkyqPF8H,6
Op1trFjcjrQ9kW7FLuNj,6
MgP4JmpKXiSYPOtoIIAr,6
buvyoOW39ChRGmjlqLSS,6
YqaNayOoSRVMpFejWDKF,6
AgkJL56ek9pH3QdewpYL,6
q7tiH1hnFtMMQaVsj6mn,6
ek4Kcir460pw1464EmjG,6
sulPsoRgmq9KC4GOBZzF,6
4CNN3zlZQ7lf0G3vHeJV,6
xeb6GKClMSr6lCEYIhzm,6
NRCmq5ofJhVb1he7MgbK,6
vKWODkQuxiJ01oZbjkeX,6
GwddQla0q8vBBFI6vukX,6
FWlUQhTHcqBgYpU8sxCO,6
SWgxfOETFeA20ToEaslX,6
4tguEejyYkLeCJyXH9DP,6
E8Gr9ler01xr3xcZ1LzJ,6
q22braXOqukapAYhlOky,6
96LYJ7KjHYBgq3W0JBTC,6
4nViLy0BTKkB0VnRyo26,6
UyqiRkIKf90il8BRpbCA,6
mOboNDsD0vsiGmr2yzix,6
LaTN0Q8kKoA2SkUgpmvY,6
92bMyTmHS42q3ZKc7zps,6
5HgtCBudvIZiO2FJ2pYA,6
DhZHkYhGYGRNXHbfNIaW,6
Fdqh8pd5AFD7Qi5fL5mS,6
oLLf5Kjgp4Fxs53FDyiO,6
A9SpgNiXPfrcZKZU1aLJ,6
LBrpFUNuMi8uwmeE68re,6
4wI9xVyFgTf3WxPXrwPr,6
7jumB2USIpgA5ELwh8xt,6
nN6GzPNcd5V53vXpwxAU,6
ihRe7uw59u1Z0LGWP2Hh,6
kufkKIXZHzCx6cNQcYy5,6
59DZj6y7hi3pbiCmw2Uk,6
AUzo6EgJHV3SGUuwy71u,6
TJrK5BFcVAzDAKEy97XH,6
3graCUFbYEEoyxdhUutq,6
p831rlwkT7NxvH5W8cXo,6
EMtvSKqBsDCXIkSHrUPB,6
yqxThaD8sxjJAe5Qz6VZ,6
PsvZ2QmlSx0FlSd5Ropi,6
HYhA6V5qO90g06eIZwnG,6
u0OoCyG20fLSaoT5rUAw,6
ubf5sddMgnQygs1s5wx8,6
PhebSrCRAir4PzRT9qIl,6
NroSJqooPeh44IGBmDma,6
B11dF8IMXMZnJ4Hj9plf,6
4y9axrf4JOXliQQJbO74,6
FkUWONRwaKlrmjc2q69L,6
mE8VWwKcdSRNACFOVqEx,6
jyA0W4mUBT8YEkbCellc,6
WYL7XEESsB2rwFYbFXGF,6
HA1tce2VOvUiggTFOIPY,6
xLrWVBP2R49FeY6FoTq7,6
i8mYbUnAIDBCDZ3pYguN,6
7pjADrxRZFNr4rff4QKx,6
4nHSIuogwLhpG2VpBAGJ,6
oESIW8UDtGWukYOgcljg,6
5BAkc8TgNzVNLs6xUNWt,6
JrZ4xnAz7fiGYTVhUNmA,6
hs2pwBemIIuvFJrbdpcW,6
lMyy76LZCQ9ydIo4wLZC,6
9E8WpUtRWDMGDNwCsdoL,9
IcVIxUqurpqahrXo95AR,9
AaU6RRVmo4cErdpsbQ0C,9
fJBf9f3YtdW9romz6B5G,9
X36EdiXstUCCvywPTWPQ,9
wvdDX1PwcexwTFhrJx5v,9
mXySwpi8xjdXEbqP5p7M,9
YYG2Wcd9f1H4UNO91OZL,9
6DKT9XXkVIkEimbrj8dY,9
922H8vgcExOUsdLPMwBC,9
QJDaZWNo5l01P0RXpsQ7,9
feA3tKopAUgGu86VyO59,9
oopsc6WUnuAh8jX3eqYd,9
9MCnJBYbGna2hes3TaNk,9
v1csF1YrKlDnT1myDCGU,9
8Kbf5f6VuqBSzcTiF1hc,9
9Y5mSfz7cfjerua7UIVq,9
TxDqntOnG6f1H31VleQ4,9
aCgvioQFp2RiqfR8tKUm,9
IKKJ8kiqgDcshbcripUH,9
ONaZurFDPfKqCFQFSxZb,9
31VbaoY7GfXSNmeCVfoD,9
UzmsUmYtNoDBbMvHl7V8,9
vOoQtUsvPzXsSYXmnpSI,9
n1hfOnCyUBYH8QfhIzyB,9
psp8CWnczkKPIL6jgeQM,9
f5T7OAuj1WvHgRE4NhpE,9
lTmCWoNdFcsBAUAXMFE4,9
Kfl2sCfqG0pCw3IRZh9z,9
j65WVb0ShMuYUMdoXVQW,9
NdyGckFrwXHLhf2Px6h7,9
Rva34ynjYfpVgSwHJwT3,9
47KHcIUCju7afoLHCaDs,9
tHRCj5V6ZADQiM2eM2p2,9
jZMKiX0JLTKh3Gw0aNZ7,9
R7iKXf9qKFndJNkGpLgl,9
JFJUkBcuXiV7yH3JxFLn,9
yahNZarbf71aakUntOdG,9
3AT0ggXO8SuVdquQY9GP,9
AnaYIhmBWGwdZupdcPBN,9
RQadGwYfQJkrqBxHGqcL,9
WE4nqNV1RkCqPnGgaXIY,9
2euUZPwQVPzaYR5jGjwo,9
RHlFYGcl2kzzUxNiWJlR,9
kiRtgkmK3crMxQWRc9S5,9
ZkByExAJ4GUhQbq7GoQs,9
pJyqk451WkGOUewsBxvc,9
pWlGMHfj9lSur8snEpWM,9
HabhbMxp55N6IGtIfz2d,9
PgObZXB6JPyxUYtGGApr,9
hvbxAVVq5EHMshxVEMZ8,9
HYfZ0KjzhSODuzho6wGT,9
KTpM3ffdnnrGUqhZcobW,9
9liXBsGsSWq1DcjxT5hd,9
ZfqI89pnuftkm9P5mKj6,9
ihANYGk8jJTOoyAuaD4q,9
SonhRpnDWIOPZ0Sonudd,9
By3VHQtKMNWcpDI8x8XJ,9
Xf64ipDHo9OFUBAKzgc9,9
wP4WADQycbLlSZFOUMn1,9
6lmedvQgkMKqHwcLzCWh,9
bYLTrQMaRZysDUg8jNcn,9
OsGsksteCEkfizMZRo77,9
XSy9UW2haWP0gSkMK5Nv,9
cdpYHqIlcPYvDYNrnjRb,9
piUB0fMDJqeTe4Wy9D0R,9
Q4nbBtgOUHp89Id8jLdZ,9
I2RqmzlXhSrd2NyT8vgZ,9
w0fNhAWz4ybbhaZptXr9,9
DPzw4pKPfRFrie1hYPO8,9
ItwzLIz9QpFBT9gXx8Vz,9
8sSSYFuUURPxWV5gJijf,9
0FtD5oixavzqxWpA0IGs,9
24zDO4JV6XqnpzzlbU7k,9
nRB2oyio9ZwprWFEgWpX,9
XpmVTMKLc70fegWyNpdp,9
4E0oARsFnT6zsO0Kr9xi,9
z8hyET5V73I8NBrInXqB,9
152SvcxYbTBXFFs06UdD,9
Zi3iPbGDy24hZCgMassX,9
Gn91SxsAzeLrhQVfkrSZ,9
GbviPl2L7uFtw49g979y,9
cJwrC1pepnP4NNH3yi5c,9
T9d3lZ88HVrFXfkcFRBg,9
9sqApG1XtejYfI1coUFT,9
hK1h5Zi48hIMYx6khPNP,9
ioSvFnTQFnewLm6r0iSg,9
yPMfQFQcKHRC2EgR2vRn,9
9LqECmflkDYJWlaBnQm4,9
ckmGIHqOkgCb1ZZTi4ff,9
0hYQoXHlW3CSLtdmm9cm,9
slQCeCWR4H8tkVqL5IUl,9
YYkra0qzEDd6JWqbpOJu,9
ct9f8y8OXMn54m11fGI1,9
2qRq6EIZEMjx8qW8qfGi,9
JtBSL2gjHfIv7x2npOiz,9
ALLTGZpbh2rT5dQOt8Ad,9
s2Yf5H1xli0Snub9vsos,9
R11dKcgP1UhavsA9v6iY,9
KCdaw52eO2EwtvEI6WQm,9
4cD0yo7Dl286Ws2E7SJI,9
j5I8EjiKX5Y6ysfEAoiX,9
fsdcYrv8Ki2QWSUR2h5O,9
yhOCFsi9rpkd20VCsf5F,9
HX5KBzze3ndKDMWbcee5,9
rTuZLWW9bfVKOq43sue5,9
kZW5icsfLpC9oiMaXmez,9
miJOtjEr2Vp7MIq076Se,9
IRDKxV4TIZlLIBw54cDZ,9
ihyaoKOSpsis9XbqOicy,9
XUsYtAfLEYzdBOsIyLkm,9
RmKmsjtOfaR1Rr9wqv3R,9
OEpAdIJNURB1CRYB3bGA,9
FLS10ImY9tlETX4RV6VU,9
vUTfhVX6eEGXpeKAhsV7,9
zcRwBmQdlCXRN6SQAkuS,9
PhV673sNqfD2eXXfmTUa,9
u32NL4m0ukI0gsGjIeoO,9
F2sR89gb3zefq7EBP9AF,9
hSpMZePAF7YqmBoxeNj0,9
I7MCRreTP4bfBEmDELQm,9
pyHSe2KexUNKAwYj3SUN,9
soSXXwjHcHopB0mNT7us,9
vsmtd9TXhTn1uu1Q6Bh5,9
DY9zfwOyMELodopGcly3,9
jYh9RYy9PAXAfok5eTdT,9
TSvpghE0PDfFdu3yPvqP,9
I38jDrJhv8EbAiZJgebK,9
bG7abI2My9VGgdEKgamh,9
yOgeWQ4GmyTPl0z7GKyD,9
pcYKwVEvCqvdor6OBNqZ,9
WOp5YFqwatdU5xulaqL9,9
VISs2mF0cxZVgKA2ifN9,9
Z2cECF2ZB4mta4myxQVE,9
J7fF7qP6LpMvnblZKWt8,9
M1WjJWaPxtsP8DeGsHZr,9
o5egBL7II9BYMtBXAqVh,9
nD4WHMbAuk9QSoFUGigw,9
wJzkL2w2BLbEF1NB7hIv,9
AACogx6kxJxtr0IrT6eX,9
zVo9kE6HQKA8HATLoy17,9
7QfM9OHu3i3S7o1SHifS,9
HMSoCUIsnzPPqiYIP06N,9
UjV3Z4QBFUVteTTY3rey,9
mwhQgld1FsycYQyO6IIO,9
nQLTJ1nKE0uPHnLzHdBg,9
zzv6VrfqyLQv9d4mJaJe,9
QjpZsJP7bsgqj2UGtSyz,9
qJIN0H7pqG5lYgeX4Kjb,9
XmMyw8SERj5u5Dwgy1a4,9
YNeDBIDCZtWtIHgVutxi,9
RRcwwnqmV6JNn7TxUOLM,9
pP3tilvfG2d0XG2S00xZ,9
QobgIWm9LumK7Nr1dFvY,9
FVo3LycB5Lv1WSWzfmMa,9
2wrxKdo4tJOayagTdodP,9
T4SRkL293BKFTCGHfCMD,9
tqRyJHQSgLrMqNeeXe45,9
bQFeBpS7Zd51S9k5t3PU,9
CIWJPh5M2nT11s11CLyL,9
oq43b30y1pq8YO5mtwFG,9
OkXuuNxAZdijT4i1dtCv,9
hbpyhXSIORVTqqNjypOl,9
rgvtZkjxuWkusvhxzSxB,9
HM1nNNTnwui5yFaux6kq,9
fvNUBQFgAhVjHJ4ehnSq,9
8X10ZPVSxvUbx4J6IG89,9
XI0OcQXx4OHClSRnAGfu,9
285UvEu9gZdoOsUDM6Kb,9
iL8ljXlUnG5BYi1SHDx0,9
FzxVzQOKJ16ZWg9pS56d,9
RECIqlfLz4mYEoPQbkmh,9
jvRDUzxbKV9gVXEtaDTE,9
FBnM2Nzwego1ZqLAuZ3i,9
Wn4RDRQqIuXLsK84B6t3,9
cUaDrCtmnEtVWOZVAj5y,9
WQ5vn2DLNBirWx8pV7eW,9
PBVugmloaXvMxNXRRTlX,9
Qa68pcNgXlMwggG8gPUt,9
xhl8DucCYwJdC38Fu9WP,9
o5YiU7OL8pSVki96eQQd,9
Vk5NyMbssrZgy1lXPqyy,9
TnHQD7EAuOHWyNx3qx4N,9
aI6O1IrCB1biaHnh0tmZ,9
PLfA0ufhAzMY8fqdaVU9,9
EjKKbNlmtBEJhy5s2CYq,9
kpk7GkfdYLqymtT91Q76,9
vvGzO51IsRhDn4AmhfkZ,9
Yow3i1dzCQSAdw16Onqh,9
Qlen2OuvFe6NaL7L5sfQ,9
6gQecFP3eFYJwPiSSEDd,9
6nPEyyJc3RrjDrdq5P1B,9
F19CjGKFIBkAZr1rCwcD,9
tM3oFOmetAT1M55WV6DD,9
PvZVxgX3zSq8M2jjVYY8,9
tBNn5cIBihGtjwrFVsaz,9
uOTMGqUudVJJplhews0O,9
Vn30tobZGfExtlNB89xj,9
6QYqr7OvYanb1mD0fRO6,9
0Wunvhz5uO7vg97ulSpi,9
CjAP39DehwutKSRP9Yvy,9
0KtiDAUKuJ7kONolNSqh,9
WV9pfgQyfN4A0ZEKJr0E,9
G6LuYwHbtnn6DunmDSv1,9
tqff53TnbckNv5k88twv,9
2wF0dy5tWf2eLniHF5P0,9
2pukKakIqWxVplnBaIuy,9
rsPkdD9vHTJgzhqX4xhb,9
sgW4FJFcobBmQ34GdIYj,9
tu1TDvyWSFvcl4FLKeFR,9
pZmp1eoUMCFdbnjfTgG5,9
0yeuRXeMFQ4q4msXN129,9
MXUeH1HSRsHlY2Rk7VXd,9
5azX4k90QtpietZsVKlc,9
V5q07yGPeU0FAJQ73q74,9
6IggtPnVFMtn5SonPEJS,9
Rhv5FgPHa1HX9Uojjzao,9
zsVzNcyNQ5TOKANTNhUe,9
ffvJlXSnoUA7uOjwAYmP,9
w1N5io405NqZyI6WZal4,9
3zoRQon1LBLTtLyf78Bi,9
0DtWEAzNBJJy53zM0qlb,9
E1B7lRqUtReWpGvHkTZ3,9
n1DBTPKOb53zaGN1xWle,9
7L9PqBxEO6GwILZTAeju,9
mMLvHKbzcSoabENAJ05n,9
bTuBVoDu9IYVgdOcMviC,9
xgAKu6iy1wBnSCHYcNTL,9
FV8lHJpg7HyPz9DF3jmy,9
XMD1Z8hhqnWcsfbBzsyq,9
JzrJ5SpjzDFdB0AdOWhh,9
wsb9RhALOqu9pt4HBpwm,9
yL6fr4MIHxZvw8D4Nw2c,9
YHq5PE4BtILb7Yk5mfxk,9
9o02eB61PC4PKb9x8TbM,9
mGqJemMXkawkHzdyZFbW,9
GR2wyt6SoGrwm74kFLsU,9
nruRbAYqESMwRVqnaNOc,9
tMJXbImaduHttlXtQPiA,9
ocqs2bw4yulvNATNBl5h,9
37iGMYbTWoKEUHa0jgng,9
j3T9bPabnNVxdZc4YULN,9
JJ1GkDJZJQSWNJVT6Whb,9
ktzVmVAWufb3xS6YNThX,9
fB9n9OBsFOSW46qQWaAZ,9
sLQV7OLee0t72rFak4E5,9
G3e02MHqbc25wvvj157Y,9
WeXbTcfC4h1CT2oOHLqD,9
Tcb1r0fVQcOGG1Ct5nkT,9
yXeAIfiV56NM2vF7jo9b,9
9FaDvUWjnvcos3aKxnMg,9
vo40Xd6IAPkILg1cDFFT,9
VI4nXPI2EkZJiaTkirTb,9
O8sWHoVPb0zjoJaEpUpT,9
VnrpMou7BeV0vsFLDm8t,9
RJLqgWPLmSq7En5VdCAc,9
SJUKmk2l5VmN9TiV8DSV,9
lf0m5Z4jqAaskQrRLZaQ,9
cDgLvzZVIIQVv1MDKxQU,9
K7iz8PSzUbC9h7GfcQKU,9
kpn27rI68rXfR0dQXyk8,9
XVtGNZb8O6MFdKfMO4Jj,9
h5ABCIji7jBTKoNtwx8v,9
1T8r2TCywjqB85SCOtoO,9
jY5VXyVMieBbKHD4TUHv,9
KVjY5w7cSAhTfLesyhdY,9
D9VJIcgcktPcPlcF2vMc,9
qVw4uWiKgdxO511qjYoO,9
E2ZgTqXxYiWPFW5CeDaE,9
kxNqvNnkbiXnFOHvkl2l,9
GhDaFb0Zs2daR03GRTtQ,9
SPtraBvjUEupkjeswrl2,9
g5XxfVlzi0iUygUPSe1H,9
YvcAS1H8f9LzUrLGkCiE,9
J25H8xCBW3eAHJfsyJ5H,9
Emi7ZsawAhzXXK23hnlC,9
za6aHj5rwRYkvbACPlrL,9
vq6gtTSzYLzjDxHlJvJJ,9
g6lojKRbpo9ke0c5najH,9
HVlstJeAzqUMQVsuz593,9
p5Y6yDNCyn42XlsbGq93,9
Xdww2MkiJln9J2F1rQ4X,9
uOadSsHp8I8BQdkizdRo,9
XD6cvDPaGGIG1CucVqHG,9
G4x1Egph2TOI59ofPhru,9
Ra5zgNRMiweUTdUMFaSa,9
GHZZzVCknabz50vz1m3I,9
5KFRGiBE33HSAIzanHHY,9
GUoRrVOyiF8hMwUtusl4,9
jOdHborQLhpX8SQenhOt,9
ERIYnQqkbLogUL7sYeFv,9
s1RzYzP7MueUzrSS8oyC,9
pulfp38KqYfYhdJEqbRS,9
s1wdNIbL1HquIKOn6vc9,9
IzaRVjIGharKpYUooiC6,9
9Npsjryp5JTIDdjMmHkp,9
ktYfQnqlciyqsLOalXnt,9
DfxEtG0RCHSsqrKitGYZ,9
37tF0a1GwmPGZlty3spB,9
M4dDDhndubUTVdIOHNnS,9
WJWYsoP2pA2nrN6GIc8K,9
qfm5l6GftHxbEqp7Gdqa,9
FRGfRMx9Yvw1yWaivkkj,9
9OZBu93fVnMAfJeSClol,9
iXJgQ6cmfcpXmc1iTDj4,9
0mnsohDirl4I9C6ORMmz,9
gG9aSwl4J8u5S25GeVDk,9
rNkGfSzjcPjBDROChtN2,9
hyQCmvmhaOlTomDviEez,9
SkaUoUnm1tvnOQf4V2gL,9
pVPlIN1Q9gjW5927JNyT,9
rsQz8pmd5gzRSr7VQuN5,9
XL3zz2UITc4zvmOVuJRs,9
2NoczEPlKGYZuXbiRIxW,9
7TBHrGjdJkvVCbLPmwee,9
IVVYxmd0VXD6oaYMvvgZ,9
l1oy0KyVPIYTZq13eu0q,9
N11XPgAwPE85OUzE8rZw,9
9wtb1iTUacDsqlIfVtcc,9
SEJAyB93Wa06foNYyPps,9
NqG1cM3SgMyNwRwzKj0w,9
Xv33Lgltwtc6YI8wkKmz,9
TphnnkJUPPopbOMOmjwK,9
nE8FQlzdexECaeoCyP8F,9
qiLdnHKq2mBwmvojuicC,9
ZV6FhOvGnNQZ1s9tRh9p,9
CHlSVwxBlRX16Le5ITZr,9
tOWUWB2fvMphr4ziDQr7,9
OVbvGqjZ9nB4VFRloDqI,9
D7Tk9fjIA5eiydqBG6J4,9
dAoefzVsG1xA2qaGqqy5,9
KvPrPrL7ZMTESC0ZTUfe,9
JjypeReC3YG2HOggARE9,9
4XonJ2EqrSIPgtoYYLaJ,9
UeycOLslwRpbRZOfYpU8,9
nbCAXgj7UWLj1NHC4t6f,9
dtFN5AL8iEa6737L77VW,9
rL51dK0UNipVw63x0fJz,9
S1lWYJNZIvzCHXQVXOuu,9
YpAJjQNsxMLFtpH5tonD,9
9VcxUBboBeN7h9IDUNPV,9
iyWfv7KzrLGfG18CB02A,9
dTNCtzh9pKrlzCKRPper,9
VUXc0xaFyi2nAq0Gc0fW,9
ctvbbjeYRvJdHI5ohCmk,9
IdR6x69kXlgPDVECZ00t,9
md4xECio1FHbkU0v0Kmo,9
hyxuFemUniaUzSOS7FuS,9
8YB5BkESed1HlYjsNKrQ,9
Ud7NsUA2ECUtJida1Q8h,9
JNjeVtysFGHE2kqTUkMZ,9
INpVoJtiQNpKRqZkzMHl,9
E9W4ahGpzSvVjhiLKACS,9
1kz8V640Dmt4N1pffldW,10
WivHhyE5T1mGo7FAMaQL,10
WJJod8h5vhscFgbKMwwq,10
ettSjEjF0VabU7xESwk7,10
CnFMqag77Sy5KZyFGJzv,10
pyJ7KTq5ulAtXSxFapPA,10
2apk4v6CBBYqwz36wpHW,10
Ce0DalfXPt5idIlc0H72,10
AY5s1BSSwNCKX8nJZbjl,10
AMykkvDNJnTB6ebNkC22,10
JjF3lLKJlWGWSLb0CtAs,10
DiPcg5B9ZoNkBqo8Csga,10
mDr7Y5GJC0efdhcprvGJ,10
FLGGp2dIUu862cbe0zOI,10
uo5jz632iggStHGdNSoD,10
1lgGi5B5f0wr59T7icbU,10
IJurzSUQTogQY0RJpBEo,10
FrOFXurEp0wTfKJVw6UO,10
kLyrsKAo0m2IQYW4XcF6,10
FSFcdCV03hZgyQy8d4MT,10
f0iCAseIZK4LNvKR4QLH,10
Cvt3Yt6HIb2HbnURL4do,10
yjkT7VXZi0alnFcjWPUG,10
8K7dCK3G46rqjKGJcPbz,10
SqAkge3YmDrrLW0b3sFv,10
bOaouuX9DmkjXjqKRWPt,10
jzL1hvLx659eUPxv88JN,10
cHbO9Up2Zr182vaVsVHv,10
pK9mmRk1QFMdokSh55kd,10
D6Hw84aXvVffYTUEfDpy,10
nnlaaptGnP0YeJD0LG2H,10
VTgH20MHBddWSS1BiksA,10
GrRlcfgLBV0A8By4aHLb,10
uMDCdiKasm1r8hV5N9Iw,10
TzqXE3cd1pAeb6000dLa,10
XGsdMCojCr6BYWBmDnvl,10
bNWOcWbgeytr8HXd589l,10
9AyNHZc6MxZnM2TYRwT6,10
S3NIrWFtOsao21Lkbtjo,10
nOEdd1BixHDKeLMgojaQ,10
0BC3livgrdWU9hAi2jJA,10
2PkNweeIwHlpGlrbeMYm,10
Arwn47WBnPLxbkNdtrBd,10
uNtoWdpPIOnMusFlh3Re,10
RhRlNHXr81Fpd7GprhrQ,10
NgUg5UbRnv3N6CaquQ79,10
TsLZyjlafI7pVhnp3baA,10
lK2uApUD2hNMe5lnVc8b,10
6aF1e4yh2fhoPKLx4laI,10
AaBb46z8KXnhmxKB2Unu,10
rOQoV4FwMdNuxdRndR8c,10
T9KoVxkteSK2noIRRRHK,10
IrwMTuPN7gknk4vOB6Go,10
lpFDX8Gi95L10SCpul7q,10
i947PcPSyYP0zZ70bntA,10
8izJkMKpVBYEgn3EM0r7,10
4RUCUADWrZnzk6rl8DMe,10
YAF7loN4QOMdUAIiCKQA,10
Jgq6kGndeC6qwXyVv4yR,10
QVLThvPqFRvEJlDOBFe3,10
hxgT5ElE21yv4eoJckYN,10
y3eD3m7UM4px09WFfkZh,11
ahp4yIAK5tFgfOtkvoh4,11
7W6OTZTti4Y7oVEfjd23,11
MLiyld22e9HL2s4oirfb,11
pefrcc2Fk1qq1yjvhk7v,11
f7CX2ebaqJocOvgAyjps,11
z5olHml0dqtlhdb1bPyy,11
xb0F4M0sOJzlrhg3F04b,11
ecmtUlAsyXBHnGyvLhhr,11
zLHIj9yoie2HgtmcTSWW,11
pUMl8O97gwikqyNM6DxN,11
33KDdB15BvBUcF0wL1u1,11
izTeTmbiP91nXqKBwCw0,11
MIgnj7zP7wwmsEXPLV2A,11
yAtzavj01A7eM2siXbc0,11
thDRebu6LgZrxCoLMkjs,11
sGFTwnKybTulMivFnVBM,11
GoRYKzGKqDcn9CTCMcle,11
8CkgHO0hVsKUIG7V6Grr,11
gHXKXk9OPLgYK9oCUg9G,11
vbM8nNarxLFHStVIBwMO,11
0IluxACNoHFcTjyQBdK7,11
4xCMzkuGUAoar5mo4SUO,11
Je5e2zLSmGkLqgHjeNyn,11
0KrsxNuZM0lI8rCwu3Xn,11
Fv9RzqwKtRLVO9fF5KGA,11
3bPEftiu7duwCPIN9qlt,11
L4rlrf0DzaRDCHEixagF,11
aH9T5EfIzrOIMSxfam12,11
Plf1elr43PtvUlTWzEdh,11
VgPykzm6xhJJGfY8hobH,11
zZkNs72ZsyoxPGb0bHNG,11
8x9OJEHLfhvl5KGW6P67,11
pEKwEOvu0uLmCTMNe3jH,11
ykVGXDAjZvwmu1WXG96G,11
bGHIc7woNYcuOuwM5JXr,11
PHG5jIPMUHdT0Sqn1kCW,11
jxlEKLk8K3FGxzVuAozp,11
R8Tx9bAlA6dm5Yt73E3c,11
v66IMpjaQjgfFBAg74Fc,11
dqu3K7LZulYK2i9lHJVJ,11
fH9MuEfIMsFmDti5iHil,11
GK5LMFIx3GtOzipZjsC9,11
3WIgX83vQBmzoNvBTcQn,11
Dk2Xk7DdSO2l9hTRA8rH,11
6Meoc8pUGmVnx04zPL7O,11
pv8FrdYLDCNB0XQihpzB,11
Rwq9JfTfsJNUlwF3AN3K,11
Plf1elr43PtvUlTWzEdh,11
LG7PTfraXs2TBtuWlx3U,11
eCgWHepZrcYFSD7gJ5Im,11
lbPa7fgOpyTo9ce5yHyn,11
GrATHmiwokwoSa7HGV5T,11
8vHUmwuZVPCiJwUtMMxx,11
dGRfp0KZTY57lx7xdQX8,11
nr8xSeAduLRLZDT5yINo,11
tQgoq1kQkH9QqKBkHKlH,11
4PmAdat7vNd8taD1vHBL,11
tgQUsLdJhhVTr3Uiv7SU,11
9EPejyHkrgFUKSArQ3hv,11
SDJTRXacdZ50968ihS6l,11
4dtbNgcLCwHK0S4PeS6w,11
Bhuk0mRUrbkf78krxJRi,11
8xqRDkHinGaEDFriqFGw,11
Zl6Wtg7BNrk1heKXRobv,11
FE6gTdx6uEoQJJVqOXnX,11
fk8omVKgLK5DIpVkDLKp,11
kGdyR7SfFuSZh27Z7r3D,11
pttIcDseueq40eA0lVhd,11
lIUtxtQgd2GMmqrP33gr,11
SdjYMNf1UcEKSad42e9d,11
SAwkMf8bKYKj6fGpMSys,11
t4QBaelZ2C2elgkObmKm,11
OXbFp4iSGRX4Ghu8xRnR,11
jP0cU4OdBldjjpR49gFl,11
lHhbdhqNIMeTw35aMHFq,11
0U8RB2pVys5NeZwxhjna,11
7emKtDjXQ9I8PXEFUESp,11
douL1rpbDD6Cv4PUQaei,11
tYizj8pTal5WQHwj14fo,11
o6Fho8QCSv2iuLMNUV9v,11
BmJrp38rADrN3vHvKSMX,11
wsm853yRTNOFyGGQOh9g,11
Wr0tcnKjsShgyl3zdCCC,11
AfgL3NQ0ZMhQ4sfa0tVy,11
xucbiFbKj8r7Bs8K9W8P,11
4PIF0hjbtvoJV7DSMg4G,11
kj2pUL0IYsIkaCTeFWm6,11
8GdxxwLPASYGcnWdJ0q0,11
L8ekw6rOUTt4PZRwGxre,11
Ay2mx4CUEMve315OV5UU,11
slIQHqhlITAdJwCSrP4J,11
rr5SUXOYXLZVVsJanO0e,11
PY8Fu53kIm20TCfcR342,11
4bYfqGpVQe1ptYu9GC3P,11
2FqcPV5Pi4zAbuljFd6X,11
CStvuVYQ0ZFM5scy7XtJ,11
szxK9JqRrv2ELmS0zUSr,11
acymeh0iSduuREWY5sf2,11
lMohew9SfHOJMMCyiopZ,11
6qgZhyW6CEImoAiCfnh8,11
LMHtleJb0plObu80AlyZ,11
TOjM8BHYuSc6E72OkHgX,11
Y0sW7GaWd7kGSBq6XGcr,11
rWABuCuIOiXa08DzULIY,11
hPUqKDH0ZBPzudKVUEah,11
r8uucELaWH3sD5Qva1St,11
CUYQQZwv7jAZFRp7WUdI,11
wXnKv1WoWoC2NeoliC6j,11
L4Yynl8MGtPEoU4L8nw1,11
OgSjgfzYtukbpUyg7ZZH,11
5SGJQKDAxNLQQKAl4s6i,11
I0wTth5fOdSZHHVi7JwB,11
ADCd35NulNfcqPV55t7a,11
szNXCVOS3N8aKhtmp8ys,11
3m4i3LTzqLEeILbNvveP,11
GkDE9vX8pPg2qbETSwTG,11
X3MN5QaPUpA1FeNvTOzR,11
o4XmGJaV9hbGXHA82GW5,11
M6jtXqWbrOqv2LioWUbC,11
ntegBGu5IgLVFxIBcz7u,11
FEOZFi6GQJQoG4m32uQS,11
6C0350xkeyG7k4by7JjH,11
MP82vPCEhBMbScAMAJVZ,11
ihjXQssDYCe83QDuNAUK,11
nvi928lykKq8TZsIO9jP,11
SAVvFRuIzri9lpsmo2Ei,11
NUSH1lcuyWY6s5KxT5AC,11
bG30yi5gTrtFvyoNK0rn,11
Ahbu9nAUA07eAclZVRiN,11
s1mKacM1Rrt6FW418bq8,11
GMbn1wkh6YX9MZ4srsdf,11
L81pUNrhbmGigou6850Y,11
01VTx4cJAXrd0eLU01ff,11
bZlw5Bsrc9ZYe8VInlJY,11
1nT74ad8d5PtXPO87yEU,11
28kyGPnxHqWXz6mAq0Se,11
Lxg5ZPbavCG4VnUJF5dn,11
MJrQe1Nhr75GPckZdoQZ,11
tKc0ZZDC6A4mom3xGRNO,11
6DpgkU4IJOXtkh0bsAtl,11
prpptyVDkZnPnTwh7FnK,11
UfuCHg4MXA5Dlx8dXeLJ,11
fqdaYw9Hp1D0N9xDq047,11
wYFDDMjluO4YtlljDBvw,11
vDIANwm647ppiBDdzPdR,11
727tJDvnCsWFo8FYWof5,11
0Ruf8GICBLBUI1b6qKmU,11
0agFa8bG2zTKHs60DJap,11
48VrgMtJAhKpGM8XjiWd,11
hTmMTWjfdQGWPQzRnQOB,11
vNrR2626j8UCOtHOHgqA,11
vkKSenrynlfuEUzPVYdJ,11
eP1vtJevMAMfYjUETAwx,11
ujEnoX7vTcOrafMzTXZY,11
l9dPCs1yScj64luTj39C,11
1W3mia83WbhGgdOHp4qe,11
aprtGgwlwpevUSAqYdl0,11
WYei6rZ3Z6UkcIvxcwvQ,11
JKP5yx92g7Q59fDvKVfA,11
ks1b3AA8450mSvQZa7AW,11
v374CGO6pmQ4ZIFn6qTI,11
ttE5ZC1sg9vk5y6cFqtc,11
iErMQ3PFWrOFyjS1hmNT,11
WDMmlONRGNr2RxzLKsQb,11
leGqpaVa3eEDv1Xs9l7Z,11
p0Xa9if63sFPiM84pNOt,11
QBNd14hcYFRamms2eHvb,11
0mSFAqh1KykH9XrVgTd5,11
n2ysqxkslUyxSeajigXE,11
14A0bWU29lwkQTJPDed9,11
0tr1OdwJklm2V0M1UKlD,11
7gW8LAdDNo6G6NgQSglu,11
AaX0RiQP2aQRquMJYCDE,11
XyRLiHRVjJYa0UHpQ8Cc,11
XifU5wxrkxA8iviM3QnG,11
zf7ZtQ0Vhnts9evQ8JEA,11
HZr55R8FCUZfa5SYHdK1,11
d2CIftDe9dW56a5BATt4,11
aUh7RtRKDzXDh4mUI2UF,11
Mnk1HeoMtisWCmkwGTXw,11
3TgMQPqQo8BtgKR2BlnW,11
83m0HxxdUAEakcvz2YzI,11
kjWQcf43nxExwZ0Z8VKh,11
YBy3FXhxaUdtkGMyEM49,11
JXrulZ5KPLpTW4EeuE4S,11
cnVHfT2zpnb1qAyYXlk6,11
VbleScvkvcvPqCiN1P1k,11
6ruc2kcdOBPFakmxsBIl,11
2Iv0AaMQrodd5XZ0eXmr,11
UcMJSHbESbu59SpKh5SM,11
Rv43CENsKh929O0z3WxA,11
kayU6fAQOfhE02KNstHb,11
PhcDu0x4uxt4XfjyKZPb,11
Q5YomMVMVwtbcrJpdZGI,11
XWZKPjlaDC555YooNWPg,11
K8CIKZKHxnoB0XgEG0N1,11
pEEywHA8VnKZnginsiuR,11
net9OPHvmkHIfG6MGExf,11
m3M5uCjTEtuxz2V3b2bQ,11
1tm8skpa1IKBbjpAKM9h,11
PpvbPgV2TGT1v2vA5yDv,11
mIWDNJMTwaAJcotxsVPk,11
PJAjIOJ5OmdIAgWHD9R2,11
u9WFmFdIJwECZntZZLdR,11
WVldKyggjNeRvy15Atyr,11
j834UuNaUGvnofVlMDZk,11
V9IP1XaCbAiUjcuMQnor,11
L2xdG6aoqQPLO2wO1OYd,11
vnFKq9GrLnccI0c6onF0,11
zvJFqydikDouXEEVu3BB,11
DmEjTDBGEJKU8PnjIgzS,11
BaJYYDHNduRmTZQXyjPp,11
rwEkwVFqtloPDYpMCOfK,11
Hq2JN6WvKByjRrfgn8zO,11
HjeyIGGhwGzmrCnO2EiU,11
PI1tqndct9cHGscakuRC,11
SROHx9tRONfrHg55WzOU,11
S1H99piUmKL47gtp56zI,11
By9WLc43krYMpMtrJEfz,11
mttmOCuPGlGaqeN0VTWU,11
kBDGGAWXSUBwGAOd1Odv,11
TIiOyO1YqwEBjGmeiRx8,11
snecg6jus7bCmWghhKNV,11
wc4mu56RjF4nTNls1AzV,11
j0uKtTxR7c0NrVg4hwQX,11
oqoMKPyfiScsBUpXnViE,11
thjjWbGyt8dYoZTQ5y5C,11
QwtPfwY11UQZQ8M6037j,11
Engh7VJwOiXDsXiMRus7,11
rZdppnC8OCqInEpC6qVD,11
koMyNkXU0ysvWKYKd1gm,11
kVxJsyTohBWNGcuQLvOV,11
nSwXm9p8dCMBGrOAhT3F,11
QREHu9XSZXcAWUux8qgf,11
cL7lRfP2dZeWc8VLrl3m,13
rJrLRTVJM8i6y51K6PhC,13
5MvOC7oP32YczcVNuYRM,13
LncpKnxKdPncoyu1EKm1,13
pqnl1MN2donumdFp3qFR,13
74czPwwKdr5H3d1Hilad,13
SuPriSoEZ4FHsGLuP1uy,13
ZPU2muOMhJFlnzlLATHt,13
uvyRseau1oHeplBsArYT,13
Ju0rXWMEbTWGrwCeUWA2,14
vxCbOt932l3w5d3LBIwL,14
iJejViTypJG8UzbSDNPj,14
Yq3ZVdw1WzYVudOH5t9n,14
oXgdmb7TuZ067SpEylgG,14
3DvTWT22KbTh3Xp1F9hA,14
ORO3IQzW0h0ZdTweX4iG,14
lwRMj9TYCaHDXh2NVyVa,14
tMpOH1D1vGvVIc2Ve3M6,14
bEc9aMJdeLiFkSMTNvTd,14
NgM2WFtYX0fXNgdyO3L3,14
7r2IRgGCP0af1zmbwRJB,14
Bw1i4VXqNoj1mIN5IEeQ,14
vvRNwyG1kKD4Dz56cEAI,14
JHNCouh9qUKqTGROwk2o,14
q2MyzrN0v3ZJaqwUaMJO,14
KwsZRDJgrLbnzXPXG5Q8,14
gN5wjDBZVSJxNK2mE8Sr,14
rLM0FvMYJa4ulshlIoyb,14
smJomfMmmSWmoWmzz1Tl,14
hHXnAV5URC178eLqo8oh,14
1OZwpay1AaOKxIJ8Tvph,14
xCJOQg4k0VpjlLwdGB6h,14
KGn8XU05fUw2WT6wlvHa,14
zC6i4BHE69r4Xm2EByBH,14
0mP12chSbNo1a1SdAwQn,14
0xdVedoftd7jY0gZQqMN,14
kKTjW43334iDQr97G1d9,14
MDVmmvPFvFKar4Naf1CS,14
CUNfL0hnGvcfQyXggfHJ,14
XUxNA9xV2EhXm3fYCGyo,14
cUjESjaxzrv8TPIxyBIX,14
VHR4SNt4JrQZNy4HDeoM,14
GxrtdsEScpJGHgzL5sIZ,14
16S7A9uQoGRcXtuC2Suj,14
rsptkLDmRE7pOBw9CW4e,14
LFCRlb3vi5CBYFtmzakg,14
1R0QtTDpR0LQM3XGlFko,14
8lAYt7cxMhd1cDUBKOPB,14
aaH6veQ1z9ORc4CDOJ9l,14
Um1x1aHk36nHeXg473M7,14
wEIn8DrE9fqYkeMgiUqu,14
SOBxdrC2HYqkHOHBQ5yM,14
yGDMuLq5jXb4WaQnHMT9,14
iYgydM71TxOekeI5aA1N,14
jZGzsTIbiMymaaLEVOwx,14
pvTrhh5YHJeWuGvrvxno,14
K3hZBwMwr9ZT9j0DMvx2,14
r1DGIy33Rhkeqm8ZncEj,14
wnQOGY6PUfMCgcTC7h2j,14
kn6xETTmcmU3BqL7f3g8,14
69oshFzsMy9hvkWwbVnD,14
2jVJ7WwZLNKstAHxoRtW,14
2RzfZu6cm7ne6Z1qTAwx,14
OUipvrLHkT0GX3nidFS3,14
UQrPqQYPClH9XMIFEomB,14
J8XlxQf4hJsc3faACiej,14
i0roToLWvFLb55I4khlF,14
14B4NcJoyC1ZJyh1xV3X,14
4k2gOeDVlqUGOo1ZnRva,14
Gxbryqf3CvJv3t9dD41s,14
pe9aisyH5l2IrGay1G4s,14
GvfZBELN51BCFK7dPyXM,14
UP0dShWvTcWG00BtSvSX,14
NrAPR7eCljA1VdFe90O2,14
vBStDW77QiAnQPW9TDkN,14
ViprUxK8dtzQsA96rS95,14
wXhIpmRD3h2LIGEkVm90,14
ndC11JcF73q1QNID0Xwj,14
0qhSppqZNeiPcxLBbuMc,14
nR0TvolLWTMmJIjKcIlO,14
wcpnu20ztpEg8VlMLWVp,14
RrfY9Aq4pgdeI4zXNEa1,14
O8ZP48uDmYKnXdqXoKPo,14
nQ4Y5I1f9drCA25dwNZt,14
CnRoTEqM3ffzB2iHAB07,14
HNoTVQrNdHCl4F1MZBEV,14
kMWLDojDGywOipr8veJO,14
xOw3xHQS5LDwQF3HjZvm,14
5VIFv0QwD98Q6M8TeEOB,14
b9YQgblg3MoAItnkFxhG,14
j4ypkv7q5n0AXw7FeyOD,14
3OM7ihfrVqHQLkeB46wE,14
eiRwKGWjArCfeXZBO9et,14
t1mDq7Ibe6kf2MjUCAs0,14
p60bk6POGTcKRZt4UM0F,14
wi9vm73b02o0wgDX5T7Q,14
DLz0OSzxUUSg8B47wcQY,14
Q70Y06s8iHLZxljuzve2,14
5XnDKLLVJ2CvvpCC0nwY,14
8EeDPOTJElQo6wIkDHok,14
k7BlwqbNpHuyRkG0FP77,14
sblDzd2al8GXNlp3ci1A,14
u6G4tAXg9kEh94dEqHBj,14
AlxkgR0ZTjasrvKEQn3n,14
kPDimlNQFWeXl59yHPsm,14
umI6yZdImiZEwf3UR7UY,14
dBTrv8Mwtf2skf7BcJeD,14
9pTEv3KvoUfeNRXsDomW,14
6Lcc4w83hn7O7KNfZInp,14
Gyn1zE21jYJOgWpnMx81,14
9tZJn8YMLAUaWXo3r7As,14
8AIaTMcPTY1ygdLvl502,14
NUHhBvsQzwH1cgkwZAZK,14
D5qtEDMEbWviIdRAJkws,14
dOLkzple9O2SbXrUkI1s,14
6A3gQulXtM6wOhKpuG6a,14
Nmc4pR85KmLNjnQtwxvp,14
oSZxIgruAGWDpbBImloJ,14
EytzgzCIjwAGFoHri8cQ,14
nwpcvwxn5wAIulhTtp8m,14
pD2OHaWjMfSIkqVU1J1J,14
yVArnpG2ZZYouR3eQkcz,14
9PYs1biVCA8j0jhkR1mq,14
dPwexN4Npmum5nrVvQtT,14
yn6dxzpwDXbgXwHnMDHA,14
vHNhrm7nvl3AN5dL4LxB,14
Jd4DnfpgVIm1qXlL1y6G,14
D0duIDPTQjaFaDPuAJX4,14
pZvFMyIMtYzxp3glCNLA,14
mqVVaDpP6IEFRln7NaLy,14
OM3RAWZKYD2ruVQqu34t,14
YEcIHTZMErS63TZ8f0Al,14
Hs2yy68GDPwUyJPIbHII,14
Kywyoa0LThkitb76vWzy,14
L77MdyrHyI5mzsqAJ8yU,14
mkR7L05Gsk75kLoSE9Y4,14
b3aOI4vOygcZ3iJ2cuT1,14
tnFONHnTrYGLN5oyf4Ta,14
35qEbTH0n4T7u1xpiRcU,14
1ZzXHY0yvIgemZcq02D0,14
sk5blBggAWJMe4L0bmRa,14
3iDyGocukIf0kkFe1meq,14
Tc3UkiH6GRJ6jr8dY82E,14
PxwdgX4mtkW6684We6UX,14
jsis4Eej7cSmGF7NaVrh,14
YOQZ4jZ0QIGfzuQFD9nO,14
bhAjub4iVCAz5i5oFTC7,14
2G1zBW8ht3eunICDbJFu,14
CNfMGe87LcepmOWDMXWp,14
VtPFIFfcJIKyZVm5DEmw,14
NX8jS51874BlqdBHkW1F,14
h5qZueXSq01L9dlQOEd5,14
qUMatGYQPIiqvQiZHwca,14
82I3s2cttLGXBpAE4sOp,14
bJ72u4h5rGnmu0TRaEQ2,14
WEeGkl3nPV1Uto8DSmT0,14
rG7Y7TEmaZb4EYz24Tlt,14
oLO3yHRnVMqeTv7RxuZA,14
vtiWaQiXOU1QV3Jgx2i7,14
qdr8QRdN9342IZtJcKtG,14
JLXxQYOxArLQ658lmUyD,14
gx8FWRxqRTk92b2jCFVd,14
daAHlKMERjeArq9rQeIO,14
ClZPjKi9EfmWaoh9jb2e,14
Dlj6dxrCg9c5o3jeQJLD,14
6zpsjHQUwHd8ujIgGlNY,14
H5GfCBfGO29CzByRK8Ig,14
jCAnyPDgqZy7tBAfuk2Z,14
8tTyLN2lRZjzBFUqSoII,14
vBYpUZbFaKckAGASGBdK,14
U8XZEI7FMMLh7D8yrXIj,14
wwQD9gWBQlBVy9ON1BHW,14
rk7oJV0UgqVF5XbQ249Z,14
rcLvCSWvUFYvL6SiQNdk,14
KBo74z4B9h3XkPEWUJHD,14
RdGqO5rvgqlgEysskGzB,14
lSg6Vn07dYaqMvuYLHRW,14
NSJPgJuHKp33RQLTImJP,14
FSvXkid2NVTGGKLV0lY2,14
uLVfTJONI29zzOWKJqt1,14
ef02lyTspSVhk5muTTh0,14
JJ0CEfmgdejrddwWE9Lb,14
fHkik8XQ3BMGriQA6NQZ,14
OVOThmVzH1fiLzgtspn3,14
A94OAv1TvfczgiVdF4FH,14
xCaWbD7XgpjCPXdqkzTn,14
dY71q0PvvS59SQjdLnvT,14
TSLt84CeTdTByb8lHUfj,14
YFG8Wpq3MCJWxfBnMXLR,14
K8uiGLc1288vuSzSTIIW,14
cDDsDLF4l13DP9cXywXF,14
eM3PqNBtLvFU0KoXdzTa,14
ryMyNqyzws8mznW8g2Sm,14
zfUTTddptpbTwaN5YzeS,14
X5sOdBspMjeWpZFJBLBK,14
rYo9QtFnddhrpPcMrPcr,14
c2VTScAzeuqWzBweLS7q,14
GpbkePcVENWUBQPEdLM3,14
Cz8a4l4YDFa5rJojSVKv,14
A44bZ1mNEmt8hTtASFbk,14
OPhtCCSa7OHx5vgYaD88,14
Pvl7mSHyJ7Bfjexe8mdT,14
Ptoo5F8TeJRkIZDz1zjx,14
SXtMEybEATTP60KJ19xq,14
TW8dbtAR2GC1HBbQmz5p,14
nIVqdUHriTfTukjSPgLv,14
dbOHuXM1kP4hgQrLbABv,14
v1VUyVFF4op2zA68AMB0,14
DRIGtInVBuJngtTJDM7S,14
tCa5HoJSEh5semiUhWUI,14
KoZ5SC8goF3as6yWVWil,14
HM9o8JdYpt4OpAJCKTtV,14
BsolFV5Dk14tFchr4tnA,14
H7U4p1JSbBfXRtiKT3Qr,14
Mhqn4WYMhBMHK5RHrYTu,14
POs99tAuSjnGmSnBuiKp,14
CSYugGaXLw1nUqgeD8PO,14
9wDgwl2B3akRKtiSbssa,14
7I7v960dA0rILjq9fZJy,14
4uZgkccUllzNA7QGMZmo,14
k0Wf79dS0LtQmJrYRWUC,14
AAaNMXhGNWOXANjjdEVc,14
SelgKxzpu7BYosXRNu4J,14
y6Q4qUsVfZvNor8FAYCa,14
gej6qe1zM5twEWvAM0l7,14
iUexxDuESdEFGWwvSG6W,14
FM5FGemuDEbCQJfJ72nT,14
bX44WmeNAPrq6BuS8AQo,14
HdfHNItkKnIBKeZ0rWFD,14
tduEF6vItg6mZFYENWzC,14
UzW8tFVDO8BBHcVdYYPl,14
ZCbPUsYG73pBCGJwJE1A,14
thS3KU23rrufdXuw3czF,14
XKqUepPKqIdgYxnPtGlJ,14
FZ3CEqeuwb4MMfUQzfM3,14
uvq7Yd57fPn3TVHSj6QI,14
XvnBQHfpCsUcXTbdt74w,14
55cQ1Tb5pGkFRk6msuHe,14
cG0ZPYu8OZZju4l9nKhn,14
0Yyw3Em6YSroAKKnnHmj,14
HUTWxs9PMPhm9mkORxyS,14
Y4MENrjSW4jJnuVNkN0k,14
DuUsHxOjS5qxgU65TqJi,14
KT7mmdRvjuoofJGrdUmR,14
FaftIexGgD4nj2yaN4t8,14
cUBLYMpAKkUbKd6dV2mx,14
aXWRaidFAIZ5y22iVBvT,14
2g6nRdOFZzmsWDBLR4Ra,14
t3XPnzNVw3vuADfCKXdb,14
m3LN8PYhuK5aR91JqJP4,14
3vHVkZTQ8i3CR1pKa0Tv,14
UKIgi4hoiSwWqCR5rKRW,14
1fSUzfH6USBHladaXIDb,14
OzbZvzaperei6c7ksao0,14
Y0iDsAj4AjMPELRvWQVx,14
vsOaiCQzrE2SEmSOSVjW,14
6wfAK5fQze62U3qMFlye,14
JWjOdupuyxx6ZZBQfLnP,14
sXUZ4YmCMlGdkuh3Hx6W,14
DXkRCtE5NOm3OTwMnObC,14
zZmUu3SvcNvkKtHBlnlO,14
5mGyqIpXYaCp9kywRrLQ,14
nU2d8URA4l7irfn5W4HK,14
inNU8gjsAN4i4604M8Ni,14
dUy2N9bPY6WuaFKgnjhc,14
pRWM1oVunbqS9cQxSSzM,14
BES44e5Uo3LoFFaBbeK2,14
TwblUM8ZfdL41HD15WTb,14
SZ24MNBwlZ3cCCxOTteX,14
3xbEYWbAKZYtLb3QCcGu,14
NxvZU9r4kdmKSp6BusEX,14
wujTvZSGqd9A6P7pghve,14
m19WWoKQjEdDmpgUKxvG,14
jLvxFR9FcHNBMhMSDaUB,14
QM7lATKiQKciPPasIhFH,14
qVdFFlSRFQ4drCTsfZoP,14
i4qEmESMpqclnX6KSGgm,14
nFb1asBIRWZp4hrtO9TQ,14
FGJgSajtOqROFbRdeUcc,14
DFUEVCXDhwOkfRKvguW9,14
r4J8SdNCAbvkvrFTNy6i,14
x9sbPA4wio9JWOW98fcw,14
SA9FQidHbj2AZy6fegqg,14
hnyq26utmvbNY2M6L2s6,14
TEzbeL44ecUblNyv3ys3,14
UJVfKLZIDo7gk17m3Em7,14
mG9YQgU6C9RkRVWsS8oy,14
xrO84GZvaXDxkGhJSCem,14
wQV6xPEkqRAKjh0v2IbF,14
Mkg6uBpCiUfgIOwQb63r,14
UP7t0XOBd2Zxtc1ayb8i,14
PadnsAqguPA1UQlKIqnG,14
QRsAXfQQ0MhTsqUwapeL,14
IcokNebc4GdBdC8xcafe,14
N11WxerqUdkcDjk3rtVu,14
pONDXawgWkZlPohO7iBE,14
USc3lRysi8I9PBfZxvjJ,14
hi4egxLPpMPwlfuLstla,14
mxDtOCArxxyXz7IiTpj8,14
xtw8v0FVp4EgvyeLiVg5,14
eyYnBp5SfR33KtSTBCwl,14
TOV6sbCytMoivtRjSbOH,14
7KWMX5GQpFqahMYrvuFE,14
n0NahMQ2nni50Nmirt0z,14
Ihcvh2LEBYF6At1zeMC4,14
13tvVnLPpB2P96vmzaZr,14
ACUUx447mCVrhh6o5QMn,14
3KSXLadtG23RzQc9vvCg,14
fmc2PvagwS7u0Iq8QQy6,14
OnZzDtiFH2JaCS3DxKON,14
daThUP51z6rjlvhEJYaA,14
X6I4n2r5hKQwTyruzHcJ,14
6WmZD3nIN2S30W27FhFC,14
bFfTaEn9la05hdPNWNya,14
E9eq3v7sfymv1pijB3zF,14
bKDMIHs88cPtQZwtQDeY,14
XyRnZhDcX5dpKBvdlUGW,14
bf5GBBM870bhguqBZwAO,14
5tOztqIQQkpfhgzpzk33,14
98mMLsZG6tneggux8m1g,14
EMlVV5mBj7e9MNwOVHhk,14
uKBAqkvtpnm1LC8Yhbus,14
SMgYu39nA5CPSNYmSQ3D,14
WFtw69LUVa6jbtzNeJkK,14
fT74cCmbF5aAQVkMh80d,14
hnC0Gx0DbxnsLoVLJOQx,14
DSH9aF1dPgBid1NDz3aW,14
euWoTrSY2ySq7Eem1N6n,14
vPTZ7ZaCtX6OgaMmFOTv,14
T1837Jvm8etZn6uZ1TwP,14
dnCtn13TxgC1URQACCAC,14
AVqqlQ0foKNYr7xJtbVw,14
rtfoGzBw2LBItIbIDs1P,14
yuMKgKCafoAcehCtqzD3,14
CW474cMm7erP8AJDjJu2,14
saqr2iut3liJq3uX8wLE,14
fpUJGn7y3yIq1Gu1GM6m,14
wvh2SfXaGFERdPOkNNg3,14
d77DfsqhLXq4u8NJovDs,14
g9JekKtxaRVwUqskTZmZ,14
boIOEwvGZHRygnlgUXby,14
C5bn9Rz4Sidu9QjxCs8y,14
tTHWEXCw2MKguhnd64D4,14
rJ9mUo8eokW0aNlO3Vsj,14
sqFOardusPfrg8YkDmEG,14
JmrgMf1DC4x8Cz6vei6k,14
Kz5Xesg248kMZFbO5Sef,14
jjupe4i1dhkAfiPS9pmA,14
L85vi6c2dS2pj6lK7tZH,14
39bWS24UfqC4Rmf1514E,14
RpnQbOQUiLp6Lxb5cauT,14
y4eyEgDkBdevs4XOartV,14
no4qO9HUfuTct2uGtXr8,14
2WshuYI5zZ3qBifahAbK,14
V2MByCmSeLGiR1BpmSKH,14
d7Z01IDujphbSIOm7EwV,14
YokQ5Sy24N2c83PDlojZ,14
mrmyWQPTFOaVvHUtD7rz,14
sXAzGoXyu6LEwsdHXzZQ,14
E7349PvI8sgq9nqVUycD,14
egDEDYCNMlMBah5W32xB,14
AJy89Rr9165Iz3I6FmmM,14
wU2ai3dRHV37btD3ndoQ,14
JvcIA9lLBhZQRRUygOAP,14
qn6j2ObikGrFGyMMuJO6,14
cKuS6XDMXz6ENxhuD0cB,14
MFyotYn0sQljnJR1MpLY,14
qrn6zMiHS0x8MQAZ9Ibx,14
B2tXkFYcmu97DUipg1eA,14
DTAcRKII6QnLOdV9O7iF,14
kZ3izE2RbFxqLU3pWgO8,14
FF7nDTFVlEGLyQWBNjiq,14
Gw9SMAguVDJpzGRqtXBx,14
nQYaorKinVqi1tSQVI4b,14
sONXf44115Wp5mebeItu,14
VBOctl022fxdFpr5pfW0,14
w0lbw42sG2IVQu5PqNqe,14
w7WdOL6PaD2AQnuNCFlo,14
RFMEBiKHNagh1DiA9q0X,14
Sg0IoPljHDHdvw6b6TD2,14
Uzv8yg1ywDqp5fUgP2di,14
YOl6ODaYV5EsiyiOYuGs,14
AvEp9ofJM82B6Rk5cP8x,14
F4lqHfVP6lT9cFkXRqQc,14
f1PFfIt7OIGFRjMWvH4i,14
784Y4Cc0JqbnxhUubT8V,14
LpWEWec5YjndAljBoXIa,14
0E6wFTJqoiliqKUDZJIG,14
XTM2ZW9OZmihsWWHxscu,15
L5kkMc19WPz4xTzTyt8C,16
ryb82KDUEZ2Z8j4KknHl,16
bEQCC3AmvfaddS9Hh0L4,16
XaY0g7Xj9XqdvJIWOaQG,16
SR4UrvxCoONauQdqwzLz,16
ZSeOl2psSFWdphJLvY6X,16
eQhKfunFJQ5B2LYAbrJj,16
qmxHicAHDPvoo5Bpz44d,16
uHEfNPMvailNN7GpjAKp,16
PwIUTdmUzEeevjeNX3RX,16
vpzr0TluNv7CbzSrIlFU,16
q5wF1YMjljzzb4I2bZIy,16
1xj0yrXyFUaSQCFQ79Y2,16
aW9UkQP6cIX46BKEQRcS,16
6iYlP5NhAERmlBUo2qCH,16
cWPZg6v7XWPqgRZzAklf,16
D3vTIWutEUmcg6s1aXLt,16
8UiERrDOLDQCekQq1ZRH,16
2LFXV6PJlRuENTmYKMs1,16
K1JnU8UKt8fsr5Jfgx19,16
NcE362Oih9VXTcJTfQj9,16
NyINFa0yAv5bIIsV4RTu,16
Ojhe0B8izpyVM9YZYDtV,16
ZZkKw1IhRbrqwlWlkMVJ,16
TlfPpGkfUnLfx1w1yWqY,16
Gq5Ajwva0uv0NqPeUvIh,16
Zo2A5TpaIsRy1yp4rTIq,16
wIpnN8nSqjGV30ymtLSp,16
B8gG4DCGT40KJbu7VVN8,16
rV5jsC3eepWgKftcoSts,16
Z25byU3h2lEQ1EXqOb5o,16
siZHEzXz281MivgFaZEb,16
bQf6zePiGLztV99UO0Nw,16
XpJOD1I7VjPdmahAkQpP,16
YEuuEpM9vnb8dqdo79BE,16
717kZXlZPuMSrxpp9K31,17
kqk2LLKQFYNlpYA030WB,17
LYVTS6vctGREFVJQH2wd,17
zerzkG6jQECkT7CopEvu,17
He4NAGhsNXvmylH4YlwJ,17
sf3YMdTKBbwNpOzNAqt5,17
22NCbOz2Wh4HGjqoxoA2,17
s4SFbUUU0BQl3eDWZFc2,17
8ZsEc208aUo2YwfD525h,17
uwz2TU3qoxNY0FbZuG6C,17
W2aogjV3rLjb9tVZMVoH,17
DjOwC8PncwG4Jc96Qx0D,17
SqFvofossK7dPlv9xcVB,17
ry3n8hHWZnEiaRFMPNpq,17
6oKDahC5jif1bRICpAqX,17
ImFf9Kd1oiwPo0ySlBII,17
Cspiguy6MJ028VzJ2fmp,17
ATFnwXWUoFgcH5byWVRt,17
zQwK03ebLcy7ovleiiEn,17
JMO5o85aedrbw6xhLzBL,17
Y4wc4Fle5avNwxbJ0rfL,17
9kUhl0eJZaVnTiAjNRbX,17
wNkPXmUmHvxE0OY5oyS8,17
68zA0uhhH47oROOZAcL4,17
rB2P999K01QeoS2ym0aL,17
p6qnnuZfP6aHO16mAX41,17
mz6whTkP7hyPUb5TlZ6x,17
HWcZOt9ZHtwKgVbD6e5z,17
OAtAvn3iGJTBnhuZ3Hge,17
MOHmDg0tK62wvtrZRmwG,17
os2wKorjRWBistnqN8RY,17
klu6JZw9aLtlbKbLlfus,17
hXobrxhtAMVHbKo8yCGU,17
6BRfZchdjtUYFawdBfUp,17
16hNOuCatXXRu4Wolh8n,18
781pLePRx6xabpLXtoop,18
Zjpu5ah5wCHSXcHQI8fI,18
mcYFab4EXVMExwZVab9y,18
wD8mYv8QYWDbvgq4MzF3,18
S6qinVn7eYFtxDZv1v07,18
MNYfQBcqSVoXfLPsehAB,18
AL9kzx1UhfCnj32DZGrG,18
KEW52C2A63XazNlERq3x,18
OSujcCtGpG2T2HAGA9Qa,18
d2W16k4qITfjJGGb6wTu,18
ZVvAuHUuvXv1eHUE12Cp,18
eQiPYPtM3vKX7fQK682R,19
QURK6YYY7kcvSwldsDlQ,19
WEKhiYRYnUk73Bps5PS8,19
WjdCjP05zeoHRMZoP7Di,19
a9RnLo1y7UjjgY2NscSz,19
0ipRDiMvZk7FrdyCxbIU,19
QjE0RNeno9hqPjO5sXNa,19
4WCxEM9dd1Y3RDFMKMlL,19
vlwnqYv8SwcqgNrDx5g5,19
mBGFGvAK0MMFSUJU8yfB,19
lY1BzBD4I6vaipJ4hou6,19
YAzqpDEuBeDIIYuBw0tY,19
x32hzvT3aHQYWFXN5BJB,19
d2ZjOfNe7wFVrzycNI4F,19
CQrfgmCUYqVyDm1ghrLi,19
Y88Gj4c1pj9JMOCjwW1J,19
vd18mb8gjQ9P8zKlwV28,19
b2cwQwvZ5q9N1qKQqKFi,19
8jt6K9UCN18AmGQvU3ih,19
Rd5TWVr9DqwaPEEXhLh2,19
umIef41UQOBBN5fWU62P,19
8sTZOzMHcWKcnCyRagfq,19
pa2RFteCZuK3psAiwh6n,19
qXnypaYckjoMzbFXEOLp,19
48c2tg5lJs4KqeILnwYk,19
NlAbv21hId1itZoZhD9A,19
TM8kyhRdPXZlPOAS8PmO,19
WN6IdCFJtrBAYlRkl6jc,19
k5v43YR410G3aZaALMJl,19
NxJrvElEiWWHYv7KL7p6,19
9r6VFYnbPxCVsfEQXxeB,19
pKgDFZmdr5DePNDNO448,19
qeyhjJJWRJsmeqZ2E2DK,19
XyN8p8jrSw8kpJKEu50c,20
yU6ggqbMdUfJ9V8fEqbd,20
CvjuZrlDsePDFrDpemkd,20
h11Mepu2VaCqxzN1Ti8Y,20
Et9yUIFCyE0T1S2ikH3o,20
w5EJuzBC9HiL3UzVGY7M,20
KuH1B6FNkPY5ssMrGmk1,20
ftEozlECweMRyBOWeSFa,20
aZ3cD0B4DzSCBYohKGUL,20
Jy1jluxp32Z7qKXt23h7,20
hLtui8tjdMvoh5g5xjCb,20
DTDt6aQPwOnqP2jv99VS,20
HuzTCo2qyfmcxPmZzjx5,20
nNHAmprf3H7rqHVDRk2G,21
0G9poZeddtRcOfJqVvrf,21
88fthWPCaQvy2j7zCT1G,21
mGpDc5Cdma1JzQcyEeUm,21
xW52cJpmsANWHrzcX3ir,21
t6dH0DjrvtIfZAts3SR8,21
WJUmFDpfhNm1NMExuQgy,21
GW6aRrHd4iJEsa13vunF,21
z6hGP3UxZije1qzM4wYW,21
WIHmu8dmLryyZ4DDrUjM,21
6tndUzWzgjBXolo6As0r,21
UPSjdDDgVugRR7FnIq2t,21
xoxwkmygfk9LalYGYYOu,21
gQdaQ7AzzYtup3tVlrCf,21
UnzfgSuD7h8uSrHCM6l9,21
xr5WYtht7ZvDHafhTzZ0,21
FQhoAb4Qficrn0LZzdXb,21
h2WSaqZLs4gBcLeczVe9,21
njYFOySyALACw0lUjdzx,21
vVbPe2FSZMixhpAKKxop,21
EkrS4FvopDyk8qCCikln,21
sNnsl1qTPhtaXPAQnojD,21
US7Ra3L492txB4n0Kzn7,21
2HaoHmNGU2mKmYoLAczN,22
8GWOvYxuWAtJpiqwG2eJ,22
YaGeEkoaxamhXgnfNw72,22
vFu9pS5bD5jxKn94N2Fm,22
lWT3bz1d7wGfWbQPHlm4,22
e173msL7Mi9IZO3C45kD,22
62xyw21FHTN0Q0CUva1j,22
6LFo1ov8opNL2osqOKXY,22
CKpaj1r95su1lHoiOgjc,22
cqxUmVK8ibDFD48Op1WN,22
gv9TgaRkJRG7qxWutc2A,22
HTF2G4T35odGTEMGnMTT,23
xWkzA9m3oL6PuTehGkD1,23
3lzbCPVPFH5e9xrvu4eB,23
aVr3VM1gSvGWsj5SXwkw,23
WLUyxpYMFcVagsiISyfx,23
MTNO4ybYVFLda80E4S2C,23
5g52fhq8ERaM5F007O8E,23
PtP8tvKrjqZUGLgoIvYo,23
mANv8VLZHFS9BIEBa8AY,23
4R7oPmNXJ3MUXHjf6jTw,23
BSPHhOQFzC07R0wyfE4a,23
rm0EyVZH0efGU101Ia0c,23
jaUT5e23hJV1DqmkRuc5,23
IX4Ia1auG27shJUYJYZm,23
fvRjSkzvvKYoZ0Q5GTJB,23
dWj07fWHOEBuPpzEynfj,23
EB55mTiq52j1k4tO1Z6B,23
MhueDGwRLxVtDZ8r3qBd,23
k06egsW7cjYWRIxSutDK,23
keJVqkaK22PVuyitC6Ou,27
Uh809TbRpptGfzLhbbnr,27
3ADbkkSrBJcQpENZ0pHW,27
rEPD7k75okW7SKKdO1B0,27
uFvCSlzikNzUoT0fWaMN,27
39rkBZK62a6I3omxxutA,28
WqOouA4storV1jPUkXR3,29
0D4ydvp7vrnAxFJpgfaY,31
KzrRRptGMvO2GLHxfVrT,32
uCHsUKDHmxqZeayi2kLi,32
XDzypE7JVaoqcxmIbAmA,32
NvTst2OoS0ESFFt1cs75,32
KpzsfHQHt4hqTCThMlqZ,32
