opp_id,success,message,timestamp
S2bIroWoIhDEjQCtevKi,True,Successfully deleted,2025-10-12 20:43:47
I3I2EUPJkcjZNbtPfA1e,True,Successfully deleted,2025-10-12 20:43:47
nDuCba0lspHjRpZiFlDX,True,Successfully deleted,2025-10-12 20:43:47
CFMbIiYAr7R30F3KKF5B,True,Successfully deleted,2025-10-12 20:43:47
eBvlQhLWEzpr08MiP9TE,True,Successfully deleted,2025-10-12 20:43:47
eBvlQhLWEzpr08MiP9TE,True,Successfully deleted,2025-10-12 20:43:47
FccyUYpw8Qg3A9Dmtx71,True,Successfully deleted,2025-10-12 20:43:47
f7N4muC6RNoqiCIAG704,True,Successfully deleted,2025-10-12 20:43:47
JIN6NQnmga2DrthibTHN,True,Successfully deleted,2025-10-12 20:43:47
Z2wQEV9fDQR0iqlhHgHu,True,Successfully deleted,2025-10-12 20:43:47
EOsKHP2GjtUKDD1U1IB1,True,Successfully deleted,2025-10-12 20:43:48
9feEV6pfPC7LwHW7GQqt,True,Successfully deleted,2025-10-12 20:43:48
tj3ah19Xrg3Uac4uTk5N,True,Successfully deleted,2025-10-12 20:43:48
yCIOLM4x7RcnCBGqA7T9,True,Successfully deleted,2025-10-12 20:43:48
oYHcZnCklTzeHPmMO1Ex,True,Successfully deleted,2025-10-12 20:43:48
gfiEnm4HOYYY66QjjSw5,True,Successfully deleted,2025-10-12 20:43:48
CgUHVTaXaXYFxVqXJx5p,True,Successfully deleted,2025-10-12 20:43:48
mYJ39VGRNGl6vnPmEbvs,True,Successfully deleted,2025-10-12 20:43:48
xQgjYMPSeDY4Znilu0Xn,True,Successfully deleted,2025-10-12 20:43:48
eyhS8uzvZglX1wKlwSe0,True,Successfully deleted,2025-10-12 20:43:48
eyhS8uzvZglX1wKlwSe0,False,"HTTP 400: {""message"":""Opportunity doesn't exist or is deleted."",""error"":""Bad Request"",""statusCode"":400}",2025-10-12 20:43:49
eoVc8PGW9wdajG1LxoJt,True,Successfully deleted,2025-10-12 20:43:49
vaRE3GEaGU1aHiAYOz9E,True,Successfully deleted,2025-10-12 20:43:49
Je4tqtvJVC3vRAdTlTRx,True,Successfully deleted,2025-10-12 20:43:49
tpYgBuW7UY9jMPRebDeN,True,Successfully deleted,2025-10-12 20:43:49
9XcUcC5kix5QMIhrE026,True,Successfully deleted,2025-10-12 20:43:49
6pScJb8z0Qw0YwuecV7C,True,Successfully deleted,2025-10-12 20:43:49
nxdQ8MsayKa9YpyVfrcU,True,Successfully deleted,2025-10-12 20:43:49
Re2rzksD16sQmJVID9Cn,True,Successfully deleted,2025-10-12 20:43:49
O8ItZeHEjHGpEBkQAJH1,True,Successfully deleted,2025-10-12 20:43:49
OhnsQCw8AiFlErLQerkc,True,Successfully deleted,2025-10-12 20:44:22
jqD5PY0gtBWAN9HT4I7o,True,Successfully deleted,2025-10-12 20:44:22
SKJ1grlLj7yaOuxksGgY,True,Successfully deleted,2025-10-12 20:44:22
wsndlnbzCmCZ3Yyx7k4b,True,Successfully deleted,2025-10-12 20:44:22
TPaHDgzPUxgp1oyFIqmM,True,Successfully deleted,2025-10-12 20:44:22
gY2u9uhcuS1mavkHy7ws,True,Successfully deleted,2025-10-12 20:44:22
fviwQJJpM5OPnrC48mZs,True,Successfully deleted,2025-10-12 20:44:22
fNxzQAogqzbnQYF2CIXa,False,"HTTP 400: {""message"":""Opportunity doesn't exist or is deleted."",""error"":""Bad Request"",""statusCode"":400}",2025-10-12 20:44:22
kxZ5ONrSJUue3P3fYyoO,True,Successfully deleted,2025-10-12 20:44:22
xczl4JvUfaklpSo4sIyP,True,Successfully deleted,2025-10-12 20:44:22
pWf8qsrhfHbkzD8jZ4Bd,True,Successfully deleted,2025-10-12 20:44:23
4FDGpVK1jBa29t6wvSyu,True,Successfully deleted,2025-10-12 20:44:23
fyZ8U75VrXWH0QaJ14fP,True,Successfully deleted,2025-10-12 20:44:23
OqyKdwHybOkLMUsHSAXc,True,Successfully deleted,2025-10-12 20:44:23
R0J6PmEo5IWhTCKhXX0G,True,Successfully deleted,2025-10-12 20:44:23
RKoVK2N5e4VpyiEYBB3T,True,Successfully deleted,2025-10-12 20:44:23
UjkKWNZt3qqEgAFE3c8A,True,Successfully deleted,2025-10-12 20:44:23
dirG9hSIO7GT1M4falT6,True,Successfully deleted,2025-10-12 20:44:23
3aq2TTmMt43xAJFA9iL7,True,Successfully deleted,2025-10-12 20:44:23
rVWnJzv4GC2ET3cF7W0P,True,Successfully deleted,2025-10-12 20:44:23
bZcRUH9gk4EksByNtzVP,True,Successfully deleted,2025-10-12 20:44:25
I76J2ge9DN1rr3MzaCVV,True,Successfully deleted,2025-10-12 20:44:25
ubFUCyGMNTfogLMThU3Q,True,Successfully deleted,2025-10-12 20:44:25
7GNVnFMRnJMAZVXYn6sX,True,Successfully deleted,2025-10-12 20:44:25
4SzmmlZXlNyoNjfNufNM,True,Successfully deleted,2025-10-12 20:44:25
Y8iP8qS9ldJWcqcfV7PM,True,Successfully deleted,2025-10-12 20:44:25
Y8iP8qS9ldJWcqcfV7PM,True,Successfully deleted,2025-10-12 20:44:25
nSLoDumXYgTXkRPVARZq,True,Successfully deleted,2025-10-12 20:44:25
BDsiiBjvVjT5wkTSavgk,True,Successfully deleted,2025-10-12 20:44:25
C8eegYnihrVJF0aQuuC9,True,Successfully deleted,2025-10-12 20:44:25
uEs9OddoBMyOfrec7lmN,True,Successfully deleted,2025-10-12 20:44:26
WcE1SXTx4G3J75pX4VlP,True,Successfully deleted,2025-10-12 20:44:26
pk3TNc11SVTH0CK22gUX,True,Successfully deleted,2025-10-12 20:44:26
6Z8Eqid1GFtY18f09INY,True,Successfully deleted,2025-10-12 20:44:26
gmQnhq3BMGYXMEDUXM5T,True,Successfully deleted,2025-10-12 20:44:26
0A2OLfGcVyY7To40LrwG,True,Successfully deleted,2025-10-12 20:44:26
rZv0tZwT6NUcejrbaLac,True,Successfully deleted,2025-10-12 20:44:26
d92sdugMNvQSpDK3BaRO,True,Successfully deleted,2025-10-12 20:44:26
MSPR6EdKSr4vg9oZiGnD,True,Successfully deleted,2025-10-12 20:44:26
0QyLYEDY3UxsklK4MKuN,True,Successfully deleted,2025-10-12 20:44:26
3y1SNpb6sGMSsqgFVr5s,True,Successfully deleted,2025-10-12 20:44:28
3dCcVqqCWPa6oLLpOP9H,True,Successfully deleted,2025-10-12 20:44:28
raJ4CJQBpgFNiGDh6xOW,True,Successfully deleted,2025-10-12 20:44:28
b2RUVNHwoZqdDM0mzYmk,True,Successfully deleted,2025-10-12 20:44:28
jfrLanrlhCYgTSxJdW5f,True,Successfully deleted,2025-10-12 20:44:28
tvlIR09RYvbVyAcJoiXU,True,Successfully deleted,2025-10-12 20:44:28
sv1UTxFR5h1vkFLeuOoa,True,Successfully deleted,2025-10-12 20:44:28
h7IcfC1j7YBk9sWXyljB,True,Successfully deleted,2025-10-12 20:44:28
8ib8QtFb3gguZkfe6Vdr,True,Successfully deleted,2025-10-12 20:44:28
a1kpa1xn19YWxWbxiQHJ,True,Successfully deleted,2025-10-12 20:44:28
9dEVAqdOLQEZzAmohb0a,True,Successfully deleted,2025-10-12 20:44:29
t7udGDNHuCuN9VVUB0dh,True,Successfully deleted,2025-10-12 20:44:29
ziKI8TWXetHJmYTGbXxR,True,Successfully deleted,2025-10-12 20:44:29
2VYFw7V000UHRsE9Kj78,True,Successfully deleted,2025-10-12 20:44:29
siZ4CS2AORZ1ZDaK194f,True,Successfully deleted,2025-10-12 20:44:29
AHDrFBSme8ZKQWbRIhUZ,True,Successfully deleted,2025-10-12 20:44:29
NbDdYk5joTNSbTvqPX9j,True,Successfully deleted,2025-10-12 20:44:29
rlKqQKycBCvxtBHdOFen,True,Successfully deleted,2025-10-12 20:44:29
CPwNiU4G3mBIDHupeXjB,True,Successfully deleted,2025-10-12 20:44:29
KyOhm3t0EE3zO5Ejn8hz,True,Successfully deleted,2025-10-12 20:44:29
dXmOy24EyXFFp0hfxeuZ,True,Successfully deleted,2025-10-12 20:44:30
EaEVuLY3m4dW9y1GRHtx,True,Successfully deleted,2025-10-12 20:44:30
raZiW5qY0XnAvsWTPlcp,True,Successfully deleted,2025-10-12 20:44:30
oZakx05380ens3IapUvG,True,Successfully deleted,2025-10-12 20:44:30
YfuWpPWLCRzvIKD5UXVX,True,Successfully deleted,2025-10-12 20:44:30
SI7fCuQLmWeEo5lAUzSk,True,Successfully deleted,2025-10-12 20:44:30
iWn4n6o3NrG1Yelz6TY3,True,Successfully deleted,2025-10-12 20:44:30
vx06jWNMroPAp24SxT0h,True,Successfully deleted,2025-10-12 20:44:30
6Ag3BoDzJXqq70APEscu,True,Successfully deleted,2025-10-12 20:44:30
QBbGI7niE2fHbKnjIIqF,True,Successfully deleted,2025-10-12 20:44:30
653lszeXK5hjmTz6GxPX,True,Successfully deleted,2025-10-12 20:44:32
RHne8Qgh1CSezaJ7zlsR,True,Successfully deleted,2025-10-12 20:44:32
PNvoINh7IYvvip8KhXOO,True,Successfully deleted,2025-10-12 20:44:32
18UkddJG6s40AqzoYEfG,True,Successfully deleted,2025-10-12 20:44:32
AgAm05NnQbeMiTkv6mKY,True,Successfully deleted,2025-10-12 20:44:32
APPc9p3oO9B1JL3FTSHW,True,Successfully deleted,2025-10-12 20:44:32
9rB7ipOgG7QdX9sfCfTj,True,Successfully deleted,2025-10-12 20:44:32
hqd8I3TvU1kmTAXmeI28,True,Successfully deleted,2025-10-12 20:44:32
gqfr4VOI70xIjug3fU6T,True,Successfully deleted,2025-10-12 20:44:32
VABKj9JcWygk7vwTF1mn,True,Successfully deleted,2025-10-12 20:44:32
gXxhoTWYY7nZcvXIYQXg,True,Successfully deleted,2025-10-12 20:44:33
Ss58GmxquRlHc6yyXeav,True,Successfully deleted,2025-10-12 20:44:33
MRdyV9Bqqo67hxSIhAVS,True,Successfully deleted,2025-10-12 20:44:33
9JLtbS79jwhhT3myURpe,True,Successfully deleted,2025-10-12 20:44:33
4rJp0Ijh9y7bQrBzzXdD,True,Successfully deleted,2025-10-12 20:44:33
VUNvrItVKjtcj4B2jbeM,True,Successfully deleted,2025-10-12 20:44:33
ZXeGOnNLmB14PbC1hd4T,True,Successfully deleted,2025-10-12 20:44:33
x3cRy1MDAj0xfh1FqRrh,True,Successfully deleted,2025-10-12 20:44:33
dYF9qpccQZmqMpRTjK2K,True,Successfully deleted,2025-10-12 20:44:33
cLSPzByYwSxaSptn3AQm,True,Successfully deleted,2025-10-12 20:44:33
xSVSIU4UfpFbE3YWS8Db,True,Successfully deleted,2025-10-12 20:44:34
BLw3t8YYZ0xEgqATP3v2,True,Successfully deleted,2025-10-12 20:44:34
eNAo06k1aumXk6O42F4D,True,Successfully deleted,2025-10-12 20:44:34
V9uXdLJZn4AjOMMDS2P1,True,Successfully deleted,2025-10-12 20:44:34
y9jklDTcEwUBViRZhaIU,True,Successfully deleted,2025-10-12 20:44:34
ehXkuNJQAH5XR8mrUMPk,True,Successfully deleted,2025-10-12 20:44:34
qc37RjbhpKt9GHE5zMoP,True,Successfully deleted,2025-10-12 20:44:34
e8pcQA7wdcr3Re70RIQo,True,Successfully deleted,2025-10-12 20:44:34
SC0eyE1o8FAODA9ueAFD,True,Successfully deleted,2025-10-12 20:44:34
Gabys7Ioe4BeEFupqXXg,True,Successfully deleted,2025-10-12 20:44:34
G3fVyW7k1V101id72pMQ,True,Successfully deleted,2025-10-12 20:44:36
mOfXenRYC7gRV0DQXuTa,True,Successfully deleted,2025-10-12 20:44:36
PSPY9yKttSUm4YOsG8RJ,True,Successfully deleted,2025-10-12 20:44:36
73GoHfb0l2lYqZQTEnMk,True,Successfully deleted,2025-10-12 20:44:36
QnNSbA41doUkT6kNJGDX,True,Successfully deleted,2025-10-12 20:44:36
opjoKdqUwSUMoFUSs4ZY,True,Successfully deleted,2025-10-12 20:44:36
ugeOk65Sr7CkkYOxamjB,True,Successfully deleted,2025-10-12 20:44:36
JHH8EtQJHQx0oWSyqnTT,True,Successfully deleted,2025-10-12 20:44:36
XSRUJKgWgjrm4Vwus7dg,True,Successfully deleted,2025-10-12 20:44:36
lDjpf6HxXGYfCbciJVcy,True,Successfully deleted,2025-10-12 20:44:36
vXfGBbytgL8WxwEDLW3Z,True,Successfully deleted,2025-10-12 20:44:37
D3nogVtP5MrCqm3MK6Lp,True,Successfully deleted,2025-10-12 20:44:37
nZUjShcYhwEWOApAII4D,True,Successfully deleted,2025-10-12 20:44:37
tHZ3rRMebZsKcBpjQ43d,True,Successfully deleted,2025-10-12 20:44:37
5tDuBBgHXE3ZTVLqEYSk,True,Successfully deleted,2025-10-12 20:44:37
QOPyCjCrqbwfCuxetCb6,True,Successfully deleted,2025-10-12 20:44:37
iE1dfJvE3A5v5pPNm3LF,True,Successfully deleted,2025-10-12 20:44:37
4d7vJnXouuh3UAPRkuPq,True,Successfully deleted,2025-10-12 20:44:37
t3AqfwV5ezNeIIHBTMgq,True,Successfully deleted,2025-10-12 20:44:37
b1eERcIFzeGCbuJut2Mf,True,Successfully deleted,2025-10-12 20:44:37
zNRl4Q7MnlLusGC5nBXd,True,Successfully deleted,2025-10-12 20:44:39
ALOb1YTNsd2cL349cyyo,True,Successfully deleted,2025-10-12 20:44:39
j8qGftYEzFFhnHqU7HVR,True,Successfully deleted,2025-10-12 20:44:39
6UhDNv5wu3Fcek8CraB1,True,Successfully deleted,2025-10-12 20:44:39
7zOhVhv6PEF7U8O91l2t,True,Successfully deleted,2025-10-12 20:44:39
NwUco59zDQeTN8yrwJpr,True,Successfully deleted,2025-10-12 20:44:39
rZi6OdIzQ6x6613bAMlp,True,Successfully deleted,2025-10-12 20:44:39
q5CZwg7DGwwjQvYkHLgt,True,Successfully deleted,2025-10-12 20:44:39
yvMBzj9PzVnBy3euAJOc,True,Successfully deleted,2025-10-12 20:44:39
dLY05T6IxbKW2DHNSfqF,True,Successfully deleted,2025-10-12 20:44:39
GvW7aW1cQStFS598xRVh,True,Successfully deleted,2025-10-12 20:44:40
OvcuzNgrMVRRwSoCEeAq,True,Successfully deleted,2025-10-12 20:44:40
js5XniDVhFgAJUjRubds,True,Successfully deleted,2025-10-12 20:44:40
5GeD8Z6maIRANLX8LM4j,True,Successfully deleted,2025-10-12 20:44:40
ASuMem65BW7c996XS2Y5,True,Successfully deleted,2025-10-12 20:44:40
tV19SdBvgJZOfZlUrnbI,True,Successfully deleted,2025-10-12 20:44:40
FqGdbTqg2tZb5194mU0O,True,Successfully deleted,2025-10-12 20:44:40
aIEiKWK1NnLmuwUanpEU,True,Successfully deleted,2025-10-12 20:44:40
IO8JGl23zi4AjRDAltKW,True,Successfully deleted,2025-10-12 20:44:40
FyELMUEvYYuxkxrFWgci,True,Successfully deleted,2025-10-12 20:44:40
Aiigi15ccRozWaKXSGSV,True,Successfully deleted,2025-10-12 20:44:42
U2sVkAWgwnIPq5lQgthd,True,Successfully deleted,2025-10-12 20:44:42
PklqUeRJ5b99fGdi40E7,True,Successfully deleted,2025-10-12 20:44:42
ioTvsDIncpU8KusBkGka,True,Successfully deleted,2025-10-12 20:44:42
ClFArx7oeWrqr79zNiva,True,Successfully deleted,2025-10-12 20:44:42
GqJTa6RUjoKiEj2usrvt,True,Successfully deleted,2025-10-12 20:44:42
9epppVhMCsMFkNkR9hOK,True,Successfully deleted,2025-10-12 20:44:42
4K7i9ElluYsrLYwtKRWc,True,Successfully deleted,2025-10-12 20:44:42
3LzlQDwibbZpocB8YBAK,True,Successfully deleted,2025-10-12 20:44:42
fxIpKROoWFU4zatfyQCS,True,Successfully deleted,2025-10-12 20:44:42
lmjz21qhnzCjt2IqGrcP,True,Successfully deleted,2025-10-12 20:44:43
mTJvn7ZlKaj3DuhEZVvD,True,Successfully deleted,2025-10-12 20:44:43
cDcupjsdmBpbV7A643SA,True,Successfully deleted,2025-10-12 20:44:43
qGUhFSS0dnEgWkc0Dkg5,True,Successfully deleted,2025-10-12 20:44:43
wOhWgMH5qIwJFrAR2PNT,True,Successfully deleted,2025-10-12 20:44:43
MJf3tvaBNpGDgqWLl7FM,True,Successfully deleted,2025-10-12 20:44:43
7pS1GyqQQS1j207ZR9e1,True,Successfully deleted,2025-10-12 20:44:43
X6QpYqWxpRaE7cdgpdzY,True,Successfully deleted,2025-10-12 20:44:43
olPpfzAjQ3LaIMM2L6XQ,True,Successfully deleted,2025-10-12 20:44:43
qZlGIwGgNJHB8yAxJbf5,True,Successfully deleted,2025-10-12 20:44:43
